;PIBOFF3M Index
21/05/1990;9.8125
22/05/1990;9.9375
23/05/1990;9.82812
24/05/1990;9.875
25/05/1990;9.875
29/05/1990;9.78
30/05/1990;9.882
31/05/1990;9.9375
01/06/1990;10.0625
05/06/1990;10
06/06/1990;10.0625
07/06/1990;10
08/06/1990;10.065
11/06/1990;10.0625
12/06/1990;10.039
13/06/1990;10
14/06/1990;9.9375
15/06/1990;10.0625
18/06/1990;10.0625
19/06/1990;10.125
20/06/1990;10.1875
21/06/1990;10.125
22/06/1990;10.0859
25/06/1990;10.0625
26/06/1990;10.0625
27/06/1990;10.164
28/06/1990;10.1875
29/06/1990;10.125
02/07/1990;10.125
03/07/1990;10.0625
04/07/1990;10.0625
05/07/1990;10.0625
06/07/1990;10.0625
09/07/1990;10.125
10/07/1990;10.125
11/07/1990;10.1875
12/07/1990;10.1875
13/07/1990;10.1875
16/07/1990;10.1875
17/07/1990;10.125
18/07/1990;10
19/07/1990;9.9375
20/07/1990;10
23/07/1990;9.9375
24/07/1990;9.9375
25/07/1990;10.039
26/07/1990;9.953
27/07/1990;9.9375
30/07/1990;9.875
31/07/1990;9.9375
01/08/1990;9.9375
02/08/1990;10
03/08/1990;10
07/08/1990;10.24218
08/08/1990;10.125
09/08/1990;10.125
10/08/1990;10.10156
13/08/1990;10.125
14/08/1990;10.0625
16/08/1990;10.0625
17/08/1990;10.0625
20/08/1990;10.25
21/08/1990;10.3125
22/08/1990;10.4375
23/08/1990;10.4375
24/08/1990;10.4375
27/08/1990;10.375
28/08/1990;10.28
29/08/1990;10.375
30/08/1990;10.3125
31/08/1990;10.3125
03/09/1990;10.375
04/09/1990;10.4375
05/09/1990;10.4375
06/09/1990;10.4218
07/09/1990;10.375
10/09/1990;10.3125
11/09/1990;10.3125
12/09/1990;10.25
13/09/1990;10.2578
14/09/1990;10.3125
17/09/1990;10.375
18/09/1990;10.375
19/09/1990;10.3125
20/09/1990;10.25
21/09/1990;10.25
24/09/1990;10.375
25/09/1990;10.4
26/09/1990;10.375
27/09/1990;10.375
28/09/1990;10.375
01/10/1990;10.3125
02/10/1990;10.296
03/10/1990;10.25
04/10/1990;10.25
05/10/1990;10.1875
08/10/1990;10.0625
09/10/1990;10
10/10/1990;10.0625
11/10/1990;10
12/10/1990;9.9375
15/10/1990;9.875
16/10/1990;10
17/10/1990;9.98437
18/10/1990;10
19/10/1990;9.945
22/10/1990;9.875
23/10/1990;9.9375
24/10/1990;9.9375
25/10/1990;10
26/10/1990;10
29/10/1990;10
30/10/1990;10
31/10/1990;10.0742
02/11/1990;10
05/11/1990;10
06/11/1990;10
07/11/1990;10
08/11/1990;10
09/11/1990;10.0625
14/11/1990;10.078
15/11/1990;10.0625
16/11/1990;10.0625
19/11/1990;10.0625
20/11/1990;9.875
21/11/1990;9.875
22/11/1990;9.875
23/11/1990;9.875
26/11/1990;9.875
27/11/1990;9.9375
28/11/1990;10.0625
29/11/1990;10.0625
30/11/1990;10.125
03/12/1990;10.109
04/12/1990;10.125
05/12/1990;10.1875
06/12/1990;10.1875
07/12/1990;10.1875
10/12/1990;10.125
11/12/1990;10.1875
12/12/1990;10.1875
13/12/1990;10.1875
14/12/1990;10.25
17/12/1990;10.4375
18/12/1990;10.4375
19/12/1990;10.4375
20/12/1990;10.5625
21/12/1990;10.5
26/12/1990;10.4375
27/12/1990;10.3125
02/01/1991;10.1875
03/01/1991;10.1875
04/01/1991;10.25
07/01/1991;10.25
08/01/1991;10.3125
09/01/1991;10.3125
10/01/1991;10.3125
11/01/1991;10.3125
14/01/1991;10.5625
15/01/1991;10.5625
16/01/1991;10.625
17/01/1991;10.4375
18/01/1991;10.375
21/01/1991;10.3125
22/01/1991;10.1875
23/01/1991;10.1875
24/01/1991;10.14
25/01/1991;10.125
28/01/1991;10.1875
29/01/1991;10.1875
30/01/1991;10.125
31/01/1991;10.125
01/02/1991;10.25
04/02/1991;10.25
05/02/1991;10.18354
06/02/1991;10.125
07/02/1991;9.9375
08/02/1991;9.9375
11/02/1991;9.875
12/02/1991;9.9375
13/02/1991;9.9375
14/02/1991;9.6875
15/02/1991;9.625
18/02/1991;9.625
19/02/1991;9.5625
20/02/1991;9.5625
21/02/1991;9.5625
22/02/1991;9.5
25/02/1991;9.5
26/02/1991;9.5625
27/02/1991;9.539
28/02/1991;9.4375
01/03/1991;9.4375
04/03/1991;9.4375
05/03/1991;9.5
06/03/1991;9.5
07/03/1991;9.4375
08/03/1991;9.375
11/03/1991;9.375
12/03/1991;9.375
13/03/1991;9.38281
14/03/1991;9.3789
15/03/1991;9.375
18/03/1991;9.34375
19/03/1991;9.4375
20/03/1991;9.5171
21/03/1991;9.44531
22/03/1991;9.4375
25/03/1991;9.4375
26/03/1991;9.5
27/03/1991;9.5
28/03/1991;9.45312
02/04/1991;9.4375
03/04/1991;9.5
04/04/1991;9.5
05/04/1991;9.4375
08/04/1991;9.375
09/04/1991;9.3125
10/04/1991;9.375
11/04/1991;9.375
12/04/1991;9.28
15/04/1991;9.1875
16/04/1991;9.25
17/04/1991;9.28
18/04/1991;9.25
19/04/1991;9.3125
22/04/1991;9.3125
23/04/1991;9.3125
24/04/1991;9.3125
25/04/1991;9.375
26/04/1991;9.375
29/04/1991;9.3125
30/04/1991;9.25
02/05/1991;9.1875
03/05/1991;9.23437
06/05/1991;9.25
07/05/1991;9.25
10/05/1991;9.25
13/05/1991;9.1875
14/05/1991;9.1875
15/05/1991;9.25
16/05/1991;9.1875
17/05/1991;9.125
21/05/1991;9.125
22/05/1991;9.125
23/05/1991;9.25
24/05/1991;9.25
27/05/1991;9.3125
28/05/1991;9.375
29/05/1991;9.375
30/05/1991;9.375
31/05/1991;9.375
03/06/1991;9.4375
04/06/1991;9.5625
05/06/1991;9.56
06/06/1991;9.45312
07/06/1991;9.56
10/06/1991;9.62
11/06/1991;9.62
12/06/1991;9.73
13/06/1991;9.8125
14/06/1991;9.75
17/06/1991;9.85937
18/06/1991;9.96875
19/06/1991;9.8125
20/06/1991;9.8125
21/06/1991;9.8125
24/06/1991;9.875
25/06/1991;10.05
26/06/1991;10
27/06/1991;9.8125
28/06/1991;9.6875
01/07/1991;9.6875
02/07/1991;9.75
03/07/1991;9.75
04/07/1991;9.8125
05/07/1991;9.75
08/07/1991;9.75
09/07/1991;9.6875
10/07/1991;9.625
11/07/1991;9.625
12/07/1991;9.5625
15/07/1991;9.5
16/07/1991;9.5
17/07/1991;9.56
18/07/1991;9.4375
19/07/1991;9.44
22/07/1991;9.3125
23/07/1991;9.375
24/07/1991;9.4375
25/07/1991;9.56
26/07/1991;9.62
29/07/1991;9.625
30/07/1991;9.62
31/07/1991;9.7
01/08/1991;9.75
02/08/1991;9.6875
05/08/1991;9.56
06/08/1991;9.625
07/08/1991;9.5
08/08/1991;9.625
09/08/1991;9.68
12/08/1991;9.6875
13/08/1991;9.68
14/08/1991;9.6875
19/08/1991;9.75
20/08/1991;9.62
21/08/1991;9.5
22/08/1991;9.5625
23/08/1991;9.5
26/08/1991;9.4375
27/08/1991;9.43
28/08/1991;9.5
29/08/1991;9.375
30/08/1991;9.37
02/09/1991;9.4375
03/09/1991;9.4375
04/09/1991;9.375
05/09/1991;9.44531
06/09/1991;9.44
09/09/1991;9.375
10/09/1991;9.315
11/09/1991;9.375
12/09/1991;9.4375
13/09/1991;9.375
16/09/1991;9.33593
17/09/1991;9.4375
18/09/1991;9.4375
19/09/1991;9.4375
20/09/1991;9.39453
23/09/1991;9.4375
24/09/1991;9.4375
25/09/1991;9.4375
26/09/1991;9.48437
27/09/1991;9.46484
30/09/1991;9.5
01/10/1991;9.5
02/10/1991;9.5
03/10/1991;9.5625
04/10/1991;9.5625
07/10/1991;9.5
08/10/1991;9.375
09/10/1991;9.375
10/10/1991;9.375
11/10/1991;9.3164
14/10/1991;9.375
15/10/1991;9.375
16/10/1991;9.3125
17/10/1991;9.25
18/10/1991;9.25
21/10/1991;9.25
22/10/1991;9.25
23/10/1991;9.1875
24/10/1991;9.1875
25/10/1991;9.1875
28/10/1991;9.1875
29/10/1991;9.1875
30/10/1991;9.1875
31/10/1991;9.25
04/11/1991;9.28125
05/11/1991;9.375
06/11/1991;9.36328
07/11/1991;9.375
08/11/1991;9.36718
12/11/1991;9.375
13/11/1991;9.375
14/11/1991;9.4375
15/11/1991;9.4336
18/11/1991;9.5
19/11/1991;9.74609
20/11/1991;9.75
21/11/1991;9.75
22/11/1991;9.8125
25/11/1991;9.875
26/11/1991;9.875
27/11/1991;9.75
28/11/1991;9.8125
29/11/1991;9.8125
02/12/1991;9.875
03/12/1991;9.9375
04/12/1991;10
06/12/1991;10
09/12/1991;10.0625
10/12/1991;10.0625
11/12/1991;10.0625
12/12/1991;10
13/12/1991;9.9296
16/12/1991;9.89062
17/12/1991;9.875
18/12/1991;9.875
19/12/1991;9.9375
20/12/1991;10.246
23/12/1991;10.3125
24/12/1991;10.375
27/12/1991;10.4375
30/12/1991;10.3789
31/12/1991;10.3789
02/01/1992;10.25
03/01/1992;10.1875
06/01/1992;10.125
07/01/1992;10
08/01/1992;10.0625
09/01/1992;10
10/01/1992;9.8125
13/01/1992;9.875
14/01/1992;9.9375
15/01/1992;9.8125
16/01/1992;9.875
17/01/1992;9.84375
20/01/1992;9.875
21/01/1992;9.8125
22/01/1992;9.9375
23/01/1992;9.9375
24/01/1992;10
27/01/1992;10
28/01/1992;10.0625
29/01/1992;9.9804
30/01/1992;10
31/01/1992;10.0625
03/02/1992;10.0625
04/02/1992;10.1093
05/02/1992;10.125
06/02/1992;10.125
07/02/1992;10.0625
10/02/1992;10.0625
11/02/1992;10.0625
12/02/1992;10.125
13/02/1992;10.125
14/02/1992;10.0625
17/02/1992;10.07031
18/02/1992;10.0625
19/02/1992;10
20/02/1992;10
21/02/1992;10
24/02/1992;10
25/02/1992;10
26/02/1992;10
27/02/1992;9.9375
28/02/1992;10
02/03/1992;10.0625
03/03/1992;10.12109
04/03/1992;10.0664
05/03/1992;10.0625
06/03/1992;10.125
09/03/1992;10.125
10/03/1992;10.0625
11/03/1992;10.121
12/03/1992;10.125
13/03/1992;10.125
16/03/1992;10.1171
17/03/1992;10.1132
18/03/1992;10.0976
19/03/1992;10.1875
20/03/1992;10.125
23/03/1992;10.1601
24/03/1992;10.1875
25/03/1992;10.13281
26/03/1992;10.0937
27/03/1992;10.125
30/03/1992;10.1875
31/03/1992;10.17968
01/04/1992;10.125
02/04/1992;10.0625
03/04/1992;10.10937
06/04/1992;10.0625
07/04/1992;10.0585
08/04/1992;10
09/04/1992;10
10/04/1992;9.98437
13/04/1992;10
14/04/1992;10.0625
15/04/1992;10.0625
16/04/1992;10
17/04/1992;10
21/04/1992;10
22/04/1992;10
23/04/1992;10.0195
24/04/1992;10.0625
27/04/1992;10.07421
28/04/1992;10.0625
29/04/1992;10.0976
30/04/1992;10.0703
04/05/1992;10.0742
05/05/1992;10.0859
06/05/1992;10.0625
07/05/1992;10.01953
11/05/1992;9.9375
12/05/1992;9.9375
13/05/1992;9.875
14/05/1992;9.875
15/05/1992;9.91406
18/05/1992;9.9101
19/05/1992;9.9375
20/05/1992;9.9375
21/05/1992;9.9375
22/05/1992;9.9375
25/05/1992;9.9375
26/05/1992;9.9375
27/05/1992;9.9375
29/05/1992;9.9414
01/06/1992;10
02/06/1992;10.00781
03/06/1992;10.0625
04/06/1992;10.125
05/06/1992;10.125
09/06/1992;10.125
10/06/1992;10.0703
12/06/1992;10.125
15/06/1992;10.125
16/06/1992;10.125
17/06/1992;10.125
18/06/1992;10.125
19/06/1992;10.125
22/06/1992;10.125
23/06/1992;10.125
24/06/1992;10.125
25/06/1992;10.125
26/06/1992;10.125
29/06/1992;10.125
30/06/1992;10.125
01/07/1992;10.125
02/07/1992;10.125
03/07/1992;10.12109
06/07/1992;10.10937
07/07/1992;10.10937
08/07/1992;10.11718
09/07/1992;10.125
10/07/1992;10.125
15/07/1992;10.25
16/07/1992;10.25
17/07/1992;10.25
20/07/1992;10.3125
21/07/1992;10.35156
22/07/1992;10.3125
23/07/1992;10.3125
24/07/1992;10.3125
27/07/1992;10.30859
28/07/1992;10.3125
29/07/1992;10.37109
30/07/1992;10.36718
31/07/1992;10.375
03/08/1992;10.375
04/08/1992;10.375
05/08/1992;10.3125
06/08/1992;10.29687
07/08/1992;10.25
10/08/1992;10.25
11/08/1992;10.25
12/08/1992;10.25
13/08/1992;10.3125
14/08/1992;10.375
17/08/1992;10.33203
18/08/1992;10.375
19/08/1992;10.4375
20/08/1992;10.4375
21/08/1992;10.375
24/08/1992;10.4375
25/08/1992;10.5
26/08/1992;10.5625
27/08/1992;10.5
28/08/1992;10.5625
31/08/1992;10.5625
01/09/1992;10.5625
02/09/1992;10.5625
03/09/1992;10.5
04/09/1992;10.36718
07/09/1992;10.25
08/09/1992;10.25
09/09/1992;10.4375
10/09/1992;10.5
11/09/1992;10.4375
14/09/1992;10.0625
15/09/1992;10.0625
16/09/1992;10.1289
17/09/1992;10.08593
18/09/1992;10.90625
21/09/1992;10.21093
22/09/1992;11.20312
23/09/1992;11.90625
24/09/1992;13.3125
25/09/1992;11.59375
28/09/1992;12
29/09/1992;14
30/09/1992;15.20312
01/10/1992;13.21875
02/10/1992;12.53125
05/10/1992;13.71875
06/10/1992;13.59375
07/10/1992;12.6718
08/10/1992;11.39843
09/10/1992;11.41406
12/10/1992;11.375
13/10/1992;11.41406
14/10/1992;11.42182
15/10/1992;11.41406
16/10/1992;11.16296
19/10/1992;10.52343
20/10/1992;9.9375
21/10/1992;9.82031
22/10/1992;9.99609
23/10/1992;9.93359
26/10/1992;9.72265
27/10/1992;9.78515
28/10/1992;9.875
29/10/1992;9.82421
30/10/1992;9.8789
02/11/1992;9.75
03/11/1992;9.6875
04/11/1992;9.6875
05/11/1992;9.57421
06/11/1992;9.3125
09/11/1992;9.375
10/11/1992;9.4375
12/11/1992;9.33984
13/11/1992;9.44531
16/11/1992;9.5
17/11/1992;9.5625
18/11/1992;9.5
19/11/1992;9.5
20/11/1992;9.625
23/11/1992;9.85156
24/11/1992;10.53125
25/11/1992;10.5
26/11/1992;10.3125
27/11/1992;10.5
30/11/1992;10.59375
01/12/1992;11.125
02/12/1992;11.10937
03/12/1992;10.67187
04/12/1992;10.4375
07/12/1992;10.51562
08/12/1992;10.67968
09/12/1992;10.74218
10/12/1992;10.95312
11/12/1992;11.24218
14/12/1992;10.95312
15/12/1992;11.38281
16/12/1992;11.44531
17/12/1992;12.0625
18/12/1992;12.01562
21/12/1992;12.21093
22/12/1992;12.25
23/12/1992;11.63281
24/12/1992;11.54687
28/12/1992;11.46093
29/12/1992;11.45312
30/12/1992;11.6875
31/12/1992;11.96093
04/01/1993;12.46093
05/01/1993;13.9146
06/01/1993;13.3125
07/01/1993;12.76562
08/01/1993;11.72656
11/01/1993;11.72656
12/01/1993;11.85937
13/01/1993;11.88375
14/01/1993;11.85156
15/01/1993;11.75
18/01/1993;11.23437
19/01/1993;11.625
20/01/1993;11.78906
21/01/1993;11.78906
22/01/1993;11.625
25/01/1993;11.61562
26/01/1993;12.14062
27/01/1993;12.1875
28/01/1993;12.60937
29/01/1993;12.90625
01/02/1993;13.09375
02/02/1993;12.64062
03/02/1993;12.44531
04/02/1993;12.72656
05/02/1993;11.398
08/02/1993;11.60937
09/02/1993;11.60937
10/02/1993;12.25
11/02/1993;12.02343
12/02/1993;12.22656
15/02/1993;12.10156
16/02/1993;12
17/02/1993;12.21875
18/02/1993;12
19/02/1993;11.75
22/02/1993;11.70312
23/02/1993;12.04687
24/02/1993;12.17968
25/02/1993;12.00781
26/02/1993;12.0625
01/03/1993;11.84375
02/03/1993;11.7656
03/03/1993;11.875
04/03/1993;11.875
05/03/1993;11.71013
08/03/1993;11.19531
09/03/1993;11.875
10/03/1993;11.875
11/03/1993;11.22656
12/03/1993;11.375
15/03/1993;11.35156
16/03/1993;11.42187
17/03/1993;11.35156
18/03/1993;11.35937
19/03/1993;11.44531
22/03/1993;11.35156
23/03/1993;11.14843
24/03/1993;11.25
25/03/1993;11.14843
26/03/1993;10.91406
29/03/1993;10.89062
30/03/1993;10.34375
31/03/1993;10.125
01/04/1993;10.10937
02/04/1993;10.33593
05/04/1993;10.21875
06/04/1993;9.875
07/04/1993;9.4375
08/04/1993;9.32812
13/04/1993;9.10156
14/04/1993;8.96875
15/04/1993;9.125
16/04/1993;9.07812
19/04/1993;8.77343
20/04/1993;8.8125
21/04/1993;8.89843
22/04/1993;8.95312
23/04/1993;8.33593
26/04/1993;8.5078
27/04/1993;8.5
28/04/1993;8.13281
29/04/1993;8.13281
30/04/1993;8.08984
03/05/1993;7.97656
04/05/1993;7.87109
05/05/1993;7.6525
06/05/1993;7.6875
07/05/1993;7.66406
10/05/1993;7.6875
11/05/1993;7.73828
12/05/1993;7.8125
13/05/1993;7.5625
14/05/1993;7.60937
17/05/1993;7.625
18/05/1993;7.625
19/05/1993;7.49218
24/05/1993;7.4375
25/05/1993;7.4375
26/05/1993;7.49218
27/05/1993;7.55859
28/05/1993;7.5625
01/06/1993;7.69921
02/06/1993;7.6875
03/06/1993;7.625
04/06/1993;7.5625
07/06/1993;7.55078
08/06/1993;7.49609
09/06/1993;7.4375
10/06/1993;7.46484
11/06/1993;7.3789
14/06/1993;7.3789
15/06/1993;7.41406
16/06/1993;7.41015
17/06/1993;7.36718
18/06/1993;7.1875
21/06/1993;7.10546
22/06/1993;7.0625
23/06/1993;7.125
24/06/1993;7
25/06/1993;7.0625
28/06/1993;7.0625
29/06/1993;7
30/06/1993;7.05078
01/07/1993;7.05078
02/07/1993;7
05/07/1993;7.18359
06/07/1993;7.17968
07/07/1993;7.125
08/07/1993;7.24609
09/07/1993;7.67578
12/07/1993;8.325
13/07/1993;7.75781
15/07/1993;7.95312
16/07/1993;7.75
19/07/1993;7.59375
20/07/1993;7.68359
21/07/1993;7.82812
22/07/1993;8.16406
23/07/1993;9.53125
26/07/1993;9.85937
27/07/1993;9.25781
28/07/1993;9.125
29/07/1993;8.61328
30/07/1993;9.71875
02/08/1993;7.71875
03/08/1993;7.75781
04/08/1993;7.8125
05/08/1993;8.66406
06/08/1993;8.46093
09/08/1993;8.42578
10/08/1993;8.5
11/08/1993;8.13281
12/08/1993;7.65625
13/08/1993;8.29687
17/08/1993;8.4375
18/08/1993;7.9375
19/08/1993;7.55468
20/08/1993;7.35156
23/08/1993;7.38671
24/08/1993;7.39843
25/08/1993;7.38846
26/08/1993;7.27343
27/08/1993;7.51562
30/08/1993;7.44531
31/08/1993;7.42187
01/09/1993;7.42187
02/09/1993;7.54637
03/09/1993;7.53906
06/09/1993;7.60156
07/09/1993;7.49218
08/09/1993;7.44531
09/09/1993;7.47658
10/09/1993;7.28906
13/09/1993;7.28906
14/09/1993;7.21875
15/09/1993;7.25
16/09/1993;7.25
17/09/1993;7.1875
20/09/1993;7.18359
21/09/1993;7.23828
22/09/1993;7.27734
23/09/1993;7.25
24/09/1993;7.13671
27/09/1993;7.08203
28/09/1993;7.07031
29/09/1993;7.125
30/09/1993;7.14453
01/10/1993;7.1875
04/10/1993;7.1875
05/10/1993;7.1875
06/10/1993;7.1875
07/10/1993;7.17578
08/10/1993;7.24609
11/10/1993;7.30859
12/10/1993;7.16406
13/10/1993;7.0625
14/10/1993;7.0625
15/10/1993;7
18/10/1993;6.94921
19/10/1993;6.9375
20/10/1993;6.92578
21/10/1993;6.9375
22/10/1993;6.5703
25/10/1993;6.625
26/10/1993;6.6875
27/10/1993;6.75
28/10/1993;6.8125
29/10/1993;6.79296
02/11/1993;6.80466
03/11/1993;6.8125
04/11/1993;6.89453
05/11/1993;6.85937
08/11/1993;6.8125
09/11/1993;6.8125
10/11/1993;6.80859
12/11/1993;6.80859
15/11/1993;6.75
16/11/1993;6.66406
17/11/1993;6.5625
18/11/1993;6.5625
19/11/1993;6.57031
22/11/1993;6.625
23/11/1993;6.6875
24/11/1993;6.67578
25/11/1993;6.6914
26/11/1993;6.625
29/11/1993;6.625
30/11/1993;6.64843
01/12/1993;6.64453
02/12/1993;6.60937
03/12/1993;6.53125
06/12/1993;6.52734
07/12/1993;6.5625
08/12/1993;6.57872
09/12/1993;6.5
10/12/1993;6.5
13/12/1993;6.53906
14/12/1993;6.53906
15/12/1993;6.50781
16/12/1993;6.5
17/12/1993;6.54687
20/12/1993;6.5625
21/12/1993;6.55468
22/12/1993;6.55078
23/12/1993;6.5152
24/12/1993;6.5
27/12/1993;6.5
28/12/1993;6.4776
29/12/1993;6.4414
30/12/1993;6.4414
31/12/1993;6.33203
04/01/1994;6.3125
05/01/1994;6.28125
06/01/1994;6.25
07/01/1994;6.3125
10/01/1994;6.3125
11/01/1994;6.3125
12/01/1994;6.30468
13/01/1994;6.28906
14/01/1994;6.3125
17/01/1994;6.3125
18/01/1994;6.3125
19/01/1994;6.3125
20/01/1994;6.3125
21/01/1994;6.38281
24/01/1994;6.39062
25/01/1994;6.35156
26/01/1994;6.3125
27/01/1994;6.30859
28/01/1994;6.3164
31/01/1994;6.30468
01/02/1994;6.27343
02/02/1994;6.30859
03/02/1994;6.35546
04/02/1994;6.37109
07/02/1994;6.35156
08/02/1994;6.33984
09/02/1994;6.35156
10/02/1994;6.3125
11/02/1994;6.30468
14/02/1994;6.30468
15/02/1994;6.3125
16/02/1994;6.35546
17/02/1994;6.34765
18/02/1994;6.24218
21/02/1994;6.24609
22/02/1994;6.23437
23/02/1994;6.23437
24/02/1994;6.22656
25/02/1994;6.27343
28/02/1994;6.25
01/03/1994;6.25
02/03/1994;6.3125
03/03/1994;6.27343
04/03/1994;6.26171
07/03/1994;6.25
08/03/1994;6.24609
09/03/1994;6.25
10/03/1994;6.25
11/03/1994;6.23437
14/03/1994;6.24609
15/03/1994;6.25
16/03/1994;6.2207
17/03/1994;6.20703
18/03/1994;6.20703
21/03/1994;6.25
22/03/1994;6.25
23/03/1994;6.25
24/03/1994;6.25
25/03/1994;6.25931
28/03/1994;6.25
29/03/1994;6.25
30/03/1994;6.21484
31/03/1994;6.1875
05/04/1994;6.125
06/04/1994;6.10156
07/04/1994;6.10156
08/04/1994;6.125
11/04/1994;6.125
12/04/1994;6.12109
13/04/1994;6.07031
14/04/1994;6.0625
15/04/1994;6
18/04/1994;6
19/04/1994;6
20/04/1994;6
21/04/1994;5.98437
22/04/1994;5.9375
25/04/1994;5.90625
26/04/1994;5.875
27/04/1994;5.83984
28/04/1994;5.8125
29/04/1994;5.8125
02/05/1994;5.80078
03/05/1994;5.8125
04/05/1994;5.8125
05/05/1994;5.76171
06/05/1994;5.75
09/05/1994;5.69531
10/05/1994;5.6875
11/05/1994;5.625
13/05/1994;5.5625
16/05/1994;5.5625
17/05/1994;5.55859
18/05/1994;5.51953
19/05/1994;5.5
20/05/1994;5.5625
24/05/1994;5.625
25/05/1994;5.625
26/05/1994;5.625
27/05/1994;5.625
30/05/1994;5.625
31/05/1994;5.5664
01/06/1994;5.5625
02/06/1994;5.58984
03/06/1994;5.58203
06/06/1994;5.5625
07/06/1994;5.58593
08/06/1994;5.5625
09/06/1994;5.5625
10/06/1994;5.52734
13/06/1994;5.5
14/06/1994;5.53515
15/06/1994;5.5
16/06/1994;5.5
17/06/1994;5.5
20/06/1994;5.5625
21/06/1994;5.60546
22/06/1994;5.58203
23/06/1994;5.5625
24/06/1994;5.60937
27/06/1994;5.625
28/06/1994;5.61718
29/06/1994;5.64453
30/06/1994;5.625
01/07/1994;5.63671
04/07/1994;5.625
05/07/1994;5.625
06/07/1994;5.625
07/07/1994;5.6875
08/07/1994;5.76562
11/07/1994;5.8125
12/07/1994;5.75
13/07/1994;5.6875
18/07/1994;5.6875
19/07/1994;5.625
20/07/1994;5.59765
21/07/1994;5.61328
22/07/1994;5.625
25/07/1994;5.625
26/07/1994;5.54296
27/07/1994;5.54296
28/07/1994;5.5625
29/07/1994;5.5625
01/08/1994;5.53906
02/08/1994;5.5039
03/08/1994;5.48437
04/08/1994;5.4375
05/08/1994;5.46093
08/08/1994;5.5
09/08/1994;5.55078
10/08/1994;5.5625
11/08/1994;5.55859
12/08/1994;5.6914
16/08/1994;5.6875
17/08/1994;5.625
18/08/1994;5.625
19/08/1994;5.67968
22/08/1994;5.64453
23/08/1994;5.6289
24/08/1994;5.625
25/08/1994;5.62109
26/08/1994;5.625
29/08/1994;5.625
30/08/1994;5.625
31/08/1994;5.66015
01/09/1994;5.63281
02/09/1994;5.625
05/09/1994;5.625
06/09/1994;5.63281
07/09/1994;5.625
08/09/1994;5.625
09/09/1994;5.625
12/09/1994;5.625
13/09/1994;5.625
14/09/1994;5.625
15/09/1994;5.625
16/09/1994;5.625
19/09/1994;5.625
20/09/1994;5.625
21/09/1994;5.625
22/09/1994;5.625
23/09/1994;5.625
26/09/1994;5.625
27/09/1994;5.625
28/09/1994;5.62109
29/09/1994;5.625
30/09/1994;5.66796
03/10/1994;5.65234
04/10/1994;5.67187
05/10/1994;5.6796
06/10/1994;5.6796
07/10/1994;5.72265
10/10/1994;5.6875
11/10/1994;5.6289
12/10/1994;5.63671
13/10/1994;5.625
14/10/1994;5.625
17/10/1994;5.625
18/10/1994;5.625
19/10/1994;5.625
20/10/1994;5.625
21/10/1994;5.625
24/10/1994;5.625
25/10/1994;5.6289
26/10/1994;5.625
27/10/1994;5.625
28/10/1994;5.625
02/11/1994;5.625
03/11/1994;5.625
04/11/1994;5.625
07/11/1994;5.625
08/11/1994;5.625
09/11/1994;5.625
10/11/1994;5.625
14/11/1994;5.625
15/11/1994;5.625
16/11/1994;5.625
17/11/1994;5.625
18/11/1994;5.625
21/11/1994;5.625
22/11/1994;5.62109
23/11/1994;5.5625
24/11/1994;5.5625
25/11/1994;5.5625
28/11/1994;5.5625
29/11/1994;5.60937
30/11/1994;5.625
01/12/1994;5.625
02/12/1994;5.625
05/12/1994;5.625
06/12/1994;5.68359
07/12/1994;5.6875
08/12/1994;5.75
09/12/1994;5.75
12/12/1994;5.8125
13/12/1994;5.9375
14/12/1994;6.125
15/12/1994;6.18359
16/12/1994;6
19/12/1994;6
20/12/1994;6.0625
21/12/1994;6.0625
22/12/1994;6.16015
23/12/1994;6.125
26/12/1994;6.125
27/12/1994;6.125
28/12/1994;6.1875
29/12/1994;6.25
30/12/1994;6.25
03/01/1995;6.16015
04/01/1995;6.05859
05/01/1995;5.96093
06/01/1995;6
09/01/1995;5.9375
10/01/1995;6
11/01/1995;5.9375
12/01/1995;5.91796
13/01/1995;6
16/01/1995;5.93359
17/01/1995;5.9375
18/01/1995;5.9375
19/01/1995;5.8125
20/01/1995;5.85546
23/01/1995;5.8125
24/01/1995;5.75
25/01/1995;5.75
26/01/1995;5.6875
27/01/1995;5.75
30/01/1995;5.8125
31/01/1995;5.875
01/02/1995;5.8125
02/02/1995;5.80859
03/02/1995;5.75
06/02/1995;5.75
07/02/1995;5.73437
08/02/1995;5.6875
09/02/1995;5.6875
10/02/1995;5.6875
13/02/1995;5.75
14/02/1995;5.75
15/02/1995;5.78125
16/02/1995;5.75
17/02/1995;5.8125
20/02/1995;5.8125
21/02/1995;5.8125
22/02/1995;5.9375
23/02/1995;5.875
24/02/1995;5.875
27/02/1995;6.21093
28/02/1995;6.30468
01/03/1995;6.4375
02/03/1995;6.41796
03/03/1995;6.5
06/03/1995;6.875
07/03/1995;7.25
08/03/1995;8.5625
09/03/1995;8.75
10/03/1995;8.75
13/03/1995;9
14/03/1995;8.84375
15/03/1995;8.33593
16/03/1995;8.55468
17/03/1995;8.54843
20/03/1995;8.68359
21/03/1995;8.5
22/03/1995;8.1914
23/03/1995;8.46875
24/03/1995;8.25
27/03/1995;8
28/03/1995;8
29/03/1995;8.4375
30/03/1995;8.26953
31/03/1995;7.96875
03/04/1995;7.9375
04/04/1995;7.8789
05/04/1995;7.80078
06/04/1995;7.64062
07/04/1995;7.47656
10/04/1995;7.42187
11/04/1995;7.47656
12/04/1995;7.70703
13/04/1995;7.44921
18/04/1995;7.71484
19/04/1995;8.21875
20/04/1995;8.0625
21/04/1995;7.94531
24/04/1995;7.94531
25/04/1995;7.9375
26/04/1995;7.9414
27/04/1995;7.91015
28/04/1995;8.0039
02/05/1995;8.20312
03/05/1995;8.125
04/05/1995;7.875
05/05/1995;7.86718
09/05/1995;7.34375
10/05/1995;7.19531
11/05/1995;7.17578
12/05/1995;7.21093
15/05/1995;7.0827
16/05/1995;7.125
17/05/1995;7.07421
18/05/1995;7.07031
19/05/1995;7.07031
22/05/1995;7.1914
23/05/1995;7.2539
24/05/1995;7.50781
26/05/1995;7.50781
29/05/1995;7.60937
30/05/1995;7.62109
31/05/1995;7.50781
01/06/1995;7.3789
02/06/1995;7.44531
06/06/1995;7.25
07/06/1995;7.25
08/06/1995;7.25
09/06/1995;7.25
12/06/1995;7.33203
13/06/1995;7.375
14/06/1995;7.3125
15/06/1995;7.26953
16/06/1995;7.3125
19/06/1995;7.30859
20/06/1995;7.21875
21/06/1995;7.0625
22/06/1995;6.96875
23/06/1995;6.82421
26/06/1995;6.86328
27/06/1995;6.9375
28/06/1995;7
29/06/1995;6.90625
30/06/1995;6.9375
03/07/1995;6.875
04/07/1995;6.74609
05/07/1995;6.625
06/07/1995;6.61328
07/07/1995;6.5
10/07/1995;6.4375
11/07/1995;6.40625
12/07/1995;6.43359
13/07/1995;6.44921
17/07/1995;6.4375
18/07/1995;6.5
19/07/1995;6.45312
20/07/1995;6.4414
21/07/1995;6.375
24/07/1995;6.37109
25/07/1995;6.27734
26/07/1995;6.25
27/07/1995;6.25
28/07/1995;6.23046
31/07/1995;6.1914
01/08/1995;6.1289
02/08/1995;6
03/08/1995;5.97265
04/08/1995;5.9414
07/08/1995;5.9375
08/08/1995;6
09/08/1995;6.07031
10/08/1995;6.09375
11/08/1995;6.03906
16/08/1995;5.87656
17/08/1995;5.99804
18/08/1995;5.95312
21/08/1995;5.93554
22/08/1995;5.875
23/08/1995;5.875
24/08/1995;5.8303
25/08/1995;5.73242
28/08/1995;5.83398
29/08/1995;5.92382
30/08/1995;5.83593
31/08/1995;5.83593
01/09/1995;5.78125
04/09/1995;5.93164
05/09/1995;5.875
06/09/1995;5.83007
07/09/1995;5.76953
08/09/1995;5.70312
11/09/1995;5.74609
12/09/1995;5.9375
13/09/1995;5.87
14/09/1995;5.76367
15/09/1995;5.875
18/09/1995;5.83203
19/09/1995;5.8125
20/09/1995;5.78515
21/09/1995;5.93359
22/09/1995;6.12109
25/09/1995;6.64843
26/09/1995;6.25
27/09/1995;6.3125
28/09/1995;6.26367
29/09/1995;6.4375
02/10/1995;6.27734
03/10/1995;6.28906
04/10/1995;6.1875
05/10/1995;6.28516
06/10/1995;6.89453
09/10/1995;7.21875
10/10/1995;7.41015
11/10/1995;7.4414
12/10/1995;7.08593
13/10/1995;6.57421
16/10/1995;6.49609
17/10/1995;6.8125
18/10/1995;7.00781
19/10/1995;6.86328
20/10/1995;7.04687
23/10/1995;7.4375
24/10/1995;7.5
25/10/1995;7.35546
26/10/1995;7.35937
27/10/1995;7
30/10/1995;6.47265
31/10/1995;6.44921
02/11/1995;6.3125
03/11/1995;6.23437
06/11/1995;6.38671
07/11/1995;6.49609
08/11/1995;6.14843
09/11/1995;5.95703
10/11/1995;6.20312
13/11/1995;6.13671
14/11/1995;6.08984
15/11/1995;6.04296
16/11/1995;5.71484
17/11/1995;5.64062
20/11/1995;5.55687
21/11/1995;5.625
22/11/1995;5.5625
23/11/1995;5.53125
24/11/1995;5.42968
27/11/1995;5.33984
28/11/1995;5.38671
29/11/1995;5.4375
30/11/1995;6.01562
01/12/1995;6.21093
04/12/1995;6.68359
05/12/1995;6.39062
06/12/1995;5.91796
07/12/1995;5.65625
08/12/1995;5.65625
11/12/1995;5.875
12/12/1995;5.74609
13/12/1995;5.875
14/12/1995;5.67968
15/12/1995;5.30859
18/12/1995;5.22656
19/12/1995;5.375
20/12/1995;5.25
21/12/1995;5.32812
22/12/1995;5.26171
26/12/1995;5.20312
27/12/1995;5.17968
28/12/1995;5.125
29/12/1995;5
02/01/1996;4.91406
03/01/1996;4.84375
04/01/1996;4.85546
05/01/1996;4.875
08/01/1996;5
09/01/1996;4.92187
10/01/1996;4.80078
11/01/1996;4.82812
12/01/1996;4.78906
15/01/1996;4.7093
16/01/1996;4.55078
17/01/1996;4.54296
18/01/1996;4.48437
19/01/1996;4.48828
22/01/1996;4.47265
23/01/1996;4.65625
24/01/1996;4.48437
25/01/1996;4.625
26/01/1996;4.6228
29/01/1996;4.70312
30/01/1996;4.5625
31/01/1996;4.375
01/02/1996;4.375
02/02/1996;4.375
05/02/1996;4.46484
06/02/1996;4.4531
07/02/1996;4.375
08/02/1996;4.3125
09/02/1996;4.35937
12/02/1996;4.34765
13/02/1996;4.375
14/02/1996;4.44531
15/02/1996;4.50781
16/02/1996;4.4375
19/02/1996;4.5
20/02/1996;4.50781
21/02/1996;4.5625
22/02/1996;4.5
23/02/1996;4.375
26/02/1996;4.40234
27/02/1996;4.43359
28/02/1996;4.34375
29/02/1996;4.33203
01/03/1996;4.33984
04/03/1996;4.34375
05/03/1996;4.29687
06/03/1996;4.26562
07/03/1996;4.25
08/03/1996;4.25
11/03/1996;4.3125
12/03/1996;4.25
13/03/1996;4.23828
14/03/1996;4.25
15/03/1996;4.27343
18/03/1996;4.3125
19/03/1996;4.26953
20/03/1996;4.25
21/03/1996;4.24218
22/03/1996;4.30078
25/03/1996;4.25
26/03/1996;4.25
27/03/1996;4.23437
28/03/1996;4.2226
29/03/1996;4.22265
01/04/1996;4.17968
02/04/1996;4.125
03/04/1996;4.14843
04/04/1996;4.14453
09/04/1996;4.1289
10/04/1996;4.07812
11/04/1996;4.0625
12/04/1996;4.04687
15/04/1996;4.03125
16/04/1996;4.03125
17/04/1996;4.04687
18/04/1996;4.0625
19/04/1996;3.92578
22/04/1996;3.88281
23/04/1996;3.86328
24/04/1996;3.8125
25/04/1996;3.8125
26/04/1996;3.82421
29/04/1996;3.8164
30/04/1996;3.8125
01/05/1996;3.8125
02/05/1996;3.8125
03/05/1996;3.90625
06/05/1996;3.875
07/05/1996;3.85156
09/05/1996;3.875
10/05/1996;3.90625
13/05/1996;3.89062
14/05/1996;3.8789
15/05/1996;3.91406
17/05/1996;3.9375
20/05/1996;3.9375
21/05/1996;3.9375
22/05/1996;3.9375
23/05/1996;3.92187
24/05/1996;3.92187
28/05/1996;3.90625
29/05/1996;3.91406
30/05/1996;3.9375
31/05/1996;3.9375
03/06/1996;3.99218
04/06/1996;3.98046
05/06/1996;3.97656
06/06/1996;4
07/06/1996;3.9375
10/06/1996;3.9375
11/06/1996;3.96093
12/06/1996;3.95312
13/06/1996;3.96875
14/06/1996;4
17/06/1996;4.00781
18/06/1996;4.07031
19/06/1996;4
20/06/1996;4.02734
21/06/1996;3.96875
24/06/1996;3.96875
25/06/1996;3.96484
26/06/1996;3.9375
27/06/1996;3.9414
28/06/1996;3.91015
01/07/1996;3.88671
02/07/1996;3.88671
03/07/1996;3.90625
04/07/1996;3.90234
05/07/1996;3.90625
08/07/1996;3.9375
09/07/1996;3.9414
10/07/1996;3.875
11/07/1996;3.86328
12/07/1996;3.84375
15/07/1996;3.86328
16/07/1996;3.92578
17/07/1996;3.92578
18/07/1996;3.92578
19/07/1996;3.76562
22/07/1996;3.75781
23/07/1996;3.76171
24/07/1996;3.72656
25/07/1996;3.72656
26/07/1996;3.78125
29/07/1996;3.8125
30/07/1996;3.8164
31/07/1996;3.83593
01/08/1996;3.8125
02/08/1996;3.79687
05/08/1996;3.78813
06/08/1996;3.8125
07/08/1996;3.98437
08/08/1996;3.94531
09/08/1996;4.0039
12/08/1996;4.11914
13/08/1996;4.125
14/08/1996;4.08593
15/08/1996;4.08593
16/08/1996;4.08593
19/08/1996;4
20/08/1996;4.03125
21/08/1996;4.01562
22/08/1996;4.0625
23/08/1996;3.77929
26/08/1996;3.85156
27/08/1996;3.9375
28/08/1996;4.0625
29/08/1996;4.09375
30/08/1996;3.99023
02/09/1996;3.98242
03/09/1996;4
04/09/1996;4.03125
05/09/1996;4.03125
06/09/1996;3.9375
09/09/1996;3.85156
10/09/1996;3.8125
11/09/1996;3.8125
12/09/1996;3.8125
13/09/1996;3.74218
16/09/1996;3.6875
17/09/1996;3.6875
18/09/1996;3.66406
19/09/1996;3.6875
20/09/1996;3.60937
23/09/1996;3.60546
24/09/1996;3.625
25/09/1996;3.59765
26/09/1996;3.5664
27/09/1996;3.53515
30/09/1996;3.5625
01/10/1996;3.5625
02/10/1996;3.5625
03/10/1996;3.5625
04/10/1996;3.5625
07/10/1996;3.53125
08/10/1996;3.53125
09/10/1996;3.5
10/10/1996;3.5039
11/10/1996;3.53125
14/10/1996;3.5625
15/10/1996;3.5625
16/10/1996;3.5625
17/10/1996;3.57031
18/10/1996;3.5039
21/10/1996;3.47851
22/10/1996;3.49609
23/10/1996;3.48242
24/10/1996;3.47656
25/10/1996;3.46875
28/10/1996;3.44531
29/10/1996;3.45312
30/10/1996;3.46093
31/10/1996;3.4414
04/11/1996;3.45312
05/11/1996;3.46093
06/11/1996;3.4375
07/11/1996;3.44921
08/11/1996;3.4375
12/11/1996;3.461
13/11/1996;3.46875
14/11/1996;3.46875
15/11/1996;3.46093
18/11/1996;3.46093
19/11/1996;3.46444
20/11/1996;3.44531
21/11/1996;3.49218
22/11/1996;3.50781
25/11/1996;3.5
26/11/1996;3.48046
27/11/1996;3.50781
28/11/1996;3.5039
29/11/1996;3.5
02/12/1996;3.48046
03/12/1996;3.46675
04/12/1996;3.45703
05/12/1996;3.45312
06/12/1996;3.48046
09/12/1996;3.46875
10/12/1996;3.47265
11/12/1996;3.49609
12/12/1996;3.47656
13/12/1996;3.47656
16/12/1996;3.4414
17/12/1996;3.4414
18/12/1996;3.41015
19/12/1996;3.41406
20/12/1996;3.40625
23/12/1996;3.40625
24/12/1996;3.40625
26/12/1996;3.40625
27/12/1996;3.41015
30/12/1996;3.40625
31/12/1996;3.4335
02/01/1997;3.43359
03/01/1997;3.40625
06/01/1997;3.41406
07/01/1997;3.39843
08/01/1997;3.35742
09/01/1997;3.33984
10/01/1997;3.3164
13/01/1997;3.3164
14/01/1997;3.3125
15/01/1997;3.3125
16/01/1997;3.3125
17/01/1997;3.32031
20/01/1997;3.3164
21/01/1997;3.3164
22/01/1997;3.32031
23/01/1997;3.33593
24/01/1997;3.37109
27/01/1997;3.375
28/01/1997;3.375
29/01/1997;3.375
30/01/1997;3.36718
31/01/1997;3.33398
03/02/1997;3.35937
04/02/1997;3.375
05/02/1997;3.36328
06/02/1997;3.3154
07/02/1997;3.32812
10/02/1997;3.3125
11/02/1997;3.3125
12/02/1997;3.3125
13/02/1997;3.3125
14/02/1997;3.3125
17/02/1997;3.3125
18/02/1997;3.3125
19/02/1997;3.31445
20/02/1997;3.34375
21/02/1997;3.34375
24/02/1997;3.35156
25/02/1997;3.32421
26/02/1997;3.33593
27/02/1997;3.34375
28/02/1997;3.32421
03/03/1997;3.34765
04/03/1997;3.34375
05/03/1997;3.34375
06/03/1997;3.34375
07/03/1997;3.36328
10/03/1997;3.36718
11/03/1997;3.35937
12/03/1997;3.36718
13/03/1997;3.37109
14/03/1997;3.375
17/03/1997;3.36328
18/03/1997;3.3789
19/03/1997;3.3789
20/03/1997;3.375
21/03/1997;3.375
24/03/1997;3.375
25/03/1997;3.375
26/03/1997;3.375
27/03/1997;3.36523
28/03/1997;3.37109
01/04/1997;3.35937
02/04/1997;3.35937
03/04/1997;3.36718
04/04/1997;3.36718
07/04/1997;3.34375
08/04/1997;3.33984
09/04/1997;3.33593
10/04/1997;3.3164
11/04/1997;3.33203
14/04/1997;3.33593
15/04/1997;3.33984
16/04/1997;3.32031
17/04/1997;3.33984
18/04/1997;3.39843
21/04/1997;3.52539
22/04/1997;3.49023
23/04/1997;3.48828
24/04/1997;3.46679
25/04/1997;3.50585
28/04/1997;3.5
29/04/1997;3.47656
30/04/1997;3.47265
02/05/1997;3.4557
05/05/1997;3.47265
06/05/1997;3.47851
07/05/1997;3.48242
09/05/1997;3.48828
12/05/1997;3.46875
13/05/1997;3.42382
14/05/1997;3.38085
15/05/1997;3.39062
16/05/1997;3.39453
20/05/1997;3.41992
21/05/1997;3.4121
22/05/1997;3.43359
23/05/1997;3.4375
26/05/1997;3.58984
27/05/1997;3.6289
28/05/1997;3.625
29/05/1997;3.66015
30/05/1997;3.63476
02/06/1997;3.62695
03/06/1997;3.49023
04/06/1997;3.43945
05/06/1997;3.4414
06/06/1997;3.4375
09/06/1997;3.42578
10/06/1997;3.47265
11/06/1997;3.44531
12/06/1997;3.4414
13/06/1997;3.40625
16/06/1997;3.40625
17/06/1997;3.39062
18/06/1997;3.41015
19/06/1997;3.41796
20/06/1997;3.42187
23/06/1997;3.41406
24/06/1997;3.41796
25/06/1997;3.38671
26/06/1997;3.38671
27/06/1997;3.3789
30/06/1997;3.38671
01/07/1997;3.39062
02/07/1997;3.38671
03/07/1997;3.38671
04/07/1997;3.375
07/07/1997;3.375
08/07/1997;3.375
09/07/1997;3.375
10/07/1997;3.39543
11/07/1997;3.39062
15/07/1997;3.41406
16/07/1997;3.40429
17/07/1997;3.40039
18/07/1997;3.40625
21/07/1997;3.40625
22/07/1997;3.375
23/07/1997;3.375
24/07/1997;3.375
25/07/1997;3.40625
28/07/1997;3.40234
29/07/1997;3.38867
30/07/1997;3.38085
31/07/1997;3.37695
01/08/1997;3.41015
04/08/1997;3.4375
05/08/1997;3.43359
06/08/1997;3.5
07/08/1997;3.4375
08/08/1997;3.42578
11/08/1997;3.41992
12/08/1997;3.41796
13/08/1997;3.43164
14/08/1997;3.42773
18/08/1997;3.43459
19/08/1997;3.4121
20/08/1997;3.41601
21/08/1997;3.42968
22/08/1997;3.43164
25/08/1997;3.4375
26/08/1997;3.4375
27/08/1997;3.42578
28/08/1997;3.4218
29/08/1997;3.41406
01/09/1997;3.40625
02/09/1997;3.4082
03/09/1997;3.40625
04/09/1997;3.41015
05/09/1997;3.41601
08/09/1997;3.40234
09/09/1997;3.39843
10/09/1997;3.39843
11/09/1997;3.39453
12/09/1997;3.39453
15/09/1997;3.40625
16/09/1997;3.41406
17/09/1997;3.41406
18/09/1997;3.40625
19/09/1997;3.40625
22/09/1997;3.42578
23/09/1997;3.41796
24/09/1997;3.41015
25/09/1997;3.41015
26/09/1997;3.41406
29/09/1997;3.43554
30/09/1997;3.4414
01/10/1997;3.4375
02/10/1997;3.42773
03/10/1997;3.43554
06/10/1997;3.42578
07/10/1997;3.43359
08/10/1997;3.42968
09/10/1997;3.4414
10/10/1997;3.63281
13/10/1997;3.625
14/10/1997;3.625
15/10/1997;3.625
16/10/1997;3.65234
17/10/1997;3.65625
20/10/1997;3.65625
21/10/1997;3.66015
22/10/1997;3.6914
23/10/1997;3.68359
24/10/1997;3.67578
27/10/1997;3.66992
28/10/1997;3.625
29/10/1997;3.66406
30/10/1997;3.65625
31/10/1997;3.67187
03/11/1997;3.66796
04/11/1997;3.67187
05/11/1997;3.68359
06/11/1997;3.6875
07/11/1997;3.67578
12/11/1997;3.69726
13/11/1997;3.71679
14/11/1997;3.70507
17/11/1997;3.69921
18/11/1997;3.6914
19/11/1997;3.69921
20/11/1997;3.6914
21/11/1997;3.6875
24/11/1997;3.6875
25/11/1997;3.6875
26/11/1997;3.6875
27/11/1997;3.6875
28/11/1997;3.6875
01/12/1997;3.68359
02/12/1997;3.6875
03/12/1997;3.6875
04/12/1997;3.6875
05/12/1997;3.6875
08/12/1997;3.6875
09/12/1997;3.6875
10/12/1997;3.6914
11/12/1997;3.69531
12/12/1997;3.68945
15/12/1997;3.6875
16/12/1997;3.6875
17/12/1997;3.6875
18/12/1997;3.6875
19/12/1997;3.6875
22/12/1997;3.67578
23/12/1997;3.67968
24/12/1997;3.69531
26/12/1997;3.69726
29/12/1997;3.70703
30/12/1997;3.71875
31/12/1997;3.69531
02/01/1998;3.6875
05/01/1998;3.67773
06/01/1998;3.66015
07/01/1998;3.66406
08/01/1998;3.6582
09/01/1998;3.625
12/01/1998;3.59375
13/01/1998;3.59375
14/01/1998;3.59375
15/01/1998;3.59375
16/01/1998;3.59375
19/01/1998;3.59375
20/01/1998;3.59375
21/01/1998;3.59375
22/01/1998;3.59765
23/01/1998;3.59375
26/01/1998;3.59375
27/01/1998;3.59375
28/01/1998;3.59375
29/01/1998;3.59375
30/01/1998;3.59375
02/02/1998;3.58398
03/02/1998;3.58203
04/02/1998;3.59375
05/02/1998;3.58984
06/02/1998;3.58203
09/02/1998;3.57226
10/02/1998;3.57421
11/02/1998;3.5625
12/02/1998;3.5625
13/02/1998;3.5625
16/02/1998;3.5625
17/02/1998;3.5625
18/02/1998;3.5625
19/02/1998;3.55859
20/02/1998;3.55859
23/02/1998;3.5625
24/02/1998;3.54687
25/02/1998;3.55468
26/02/1998;3.5625
27/02/1998;3.5625
02/03/1998;3.5625
03/03/1998;3.5625
04/03/1998;3.5625
05/03/1998;3.57421
06/03/1998;3.5625
09/03/1998;3.5625
10/03/1998;3.5625
11/03/1998;3.55664
12/03/1998;3.54882
13/03/1998;3.54296
16/03/1998;3.55468
17/03/1998;3.54687
18/03/1998;3.56054
19/03/1998;3.5625
20/03/1998;3.58984
23/03/1998;3.59375
24/03/1998;3.57812
25/03/1998;3.57031
26/03/1998;3.58789
27/03/1998;3.58984
30/03/1998;3.59375
31/03/1998;3.59375
01/04/1998;3.6125
02/04/1998;3.625
03/04/1998;3.61328
06/04/1998;3.61523
07/04/1998;3.625
08/04/1998;3.63281
09/04/1998;3.63476
10/04/1998;3.6289
14/04/1998;3.63281
15/04/1998;3.6289
16/04/1998;3.65625
17/04/1998;3.63867
20/04/1998;3.63671
21/04/1998;3.63281
22/04/1998;3.62109
23/04/1998;3.62109
24/04/1998;3.61328
27/04/1998;3.61718
28/04/1998;3.625
29/04/1998;3.62109
30/04/1998;3.65626
04/05/1998;3.64648
05/05/1998;3.63867
06/05/1998;3.625
07/05/1998;3.625
11/05/1998;3.61132
12/05/1998;3.61523
13/05/1998;3.60546
14/05/1998;3.60156
15/05/1998;3.60156
18/05/1998;3.59375
19/05/1998;3.5996
20/05/1998;3.59375
22/05/1998;3.59375
25/05/1998;3.59375
26/05/1998;3.59375
27/05/1998;3.58789
28/05/1998;3.58398
29/05/1998;3.5625
03/06/1998;3.57031
04/06/1998;3.5625
05/06/1998;3.57812
08/06/1998;3.56445
09/06/1998;3.57617
10/06/1998;3.58007
11/06/1998;3.5625
12/06/1998;3.5625
15/06/1998;3.5625
16/06/1998;3.5625
17/06/1998;3.5664
18/06/1998;3.57812
19/06/1998;3.58984
22/06/1998;3.57812
23/06/1998;3.57421
24/06/1998;3.57421
25/06/1998;3.57226
26/06/1998;3.5664
29/06/1998;3.56835
30/06/1998;3.57617
01/07/1998;3.57617
02/07/1998;3.57226
03/07/1998;3.5625
06/07/1998;3.5625
07/07/1998;3.5625
08/07/1998;3.5625
09/07/1998;3.5625
10/07/1998;3.5625
15/07/1998;3.55859
16/07/1998;3.5625
17/07/1998;3.5625
20/07/1998;3.56054
21/07/1998;3.5625
22/07/1998;3.5625
23/07/1998;3.5625
24/07/1998;3.5625
27/07/1998;3.5625
28/07/1998;3.5625
29/07/1998;3.5664
30/07/1998;3.5664
31/07/1998;3.5664
03/08/1998;3.5625
04/08/1998;3.5625
05/08/1998;3.5625
06/08/1998;3.5625
07/08/1998;3.5625
10/08/1998;3.5625
11/08/1998;3.5625
12/08/1998;3.5625
13/08/1998;3.56054
14/08/1998;3.56054
17/08/1998;3.55468
18/08/1998;3.56054
19/08/1998;3.5625
20/08/1998;3.5625
21/08/1998;3.54687
24/08/1998;3.53906
25/08/1998;3.53906
26/08/1998;3.53906
27/08/1998;3.55859
28/08/1998;3.55664
31/08/1998;3.56054
01/09/1998;3.55273
02/09/1998;3.55468
03/09/1998;3.55468
04/09/1998;3.55273
07/09/1998;3.54492
08/09/1998;3.54687
09/09/1998;3.54296
10/09/1998;3.53515
11/09/1998;3.52148
14/09/1998;3.53125
15/09/1998;3.53125
16/09/1998;3.5332
17/09/1998;3.53125
18/09/1998;3.53125
21/09/1998;3.53125
22/09/1998;3.53125
23/09/1998;3.53906
24/09/1998;3.53125
25/09/1998;3.53125
28/09/1998;3.53125
29/09/1998;3.53515
30/09/1998;3.55273
01/10/1998;3.56054
02/10/1998;3.55468
05/10/1998;3.52929
06/10/1998;3.53125
07/10/1998;3.54101
08/10/1998;3.5371
09/10/1998;3.54492
12/10/1998;3.5371
13/10/1998;3.54492
14/10/1998;3.55664
15/10/1998;3.56054
16/10/1998;3.54492
19/10/1998;3.55664
20/10/1998;3.55468
21/10/1998;3.5625
22/10/1998;3.5664
23/10/1998;3.57812
26/10/1998;3.56835
27/10/1998;3.56835
28/10/1998;3.57031
29/10/1998;3.5664
30/10/1998;3.57031
02/11/1998;3.57031
03/11/1998;3.57812
04/11/1998;3.57812
05/11/1998;3.57812
06/11/1998;3.58007
09/11/1998;3.58984
10/11/1998;3.58593
12/11/1998;3.59375
13/11/1998;3.59375
16/11/1998;3.59765
17/11/1998;3.60546
18/11/1998;3.59375
19/11/1998;3.60156
20/11/1998;3.59765
23/11/1998;3.59375
24/11/1998;3.59375
25/11/1998;3.59375
26/11/1998;3.59375
27/11/1998;3.5625
30/11/1998;3.5625
01/12/1998;3.5625
02/12/1998;3.5625
03/12/1998;3.54101
04/12/1998;3.32031
07/12/1998;3.33203
08/12/1998;3.34375
09/12/1998;3.32812
10/12/1998;3.31445
11/12/1998;3.3125
14/12/1998;3.29296
15/12/1998;3.29687
16/12/1998;3.29296
17/12/1998;3.28906
18/12/1998;3.28515
21/12/1998;3.28515
22/12/1998;3.28515
23/12/1998;3.28125
24/12/1998;3.28125
28/12/1998;3.28125
29/12/1998;3.28125
30/12/1998;3.28125
31/12/1998;3.245
04/01/1999;3.234
05/01/1999;3.222
06/01/1999;3.214
07/01/1999;3.206
08/01/1999;3.196
11/01/1999;3.193
12/01/1999;3.19
13/01/1999;3.183
14/01/1999;3.163
15/01/1999;3.134
18/01/1999;3.102
19/01/1999;3.056
20/01/1999;3.054
21/01/1999;3.056
22/01/1999;3.059
25/01/1999;3.069
26/01/1999;3.08
27/01/1999;3.08
28/01/1999;3.077
29/01/1999;3.074
01/02/1999;3.078
02/02/1999;3.091
03/02/1999;3.098
04/02/1999;3.105
05/02/1999;3.107
08/02/1999;3.113
09/02/1999;3.112
10/02/1999;3.109
11/02/1999;3.106
12/02/1999;3.1
15/02/1999;3.099
16/02/1999;3.092
17/02/1999;3.086
18/02/1999;3.079
19/02/1999;3.077
22/02/1999;3.075
23/02/1999;3.076
24/02/1999;3.079
25/02/1999;3.087
26/02/1999;3.098
01/03/1999;3.099
02/03/1999;3.115
03/03/1999;3.112
04/03/1999;3.111
05/03/1999;3.104
08/03/1999;3.093
09/03/1999;3.087
10/03/1999;3.081
11/03/1999;3.074
12/03/1999;3.047
15/03/1999;3.039
16/03/1999;3.036
17/03/1999;3.038
18/03/1999;3.032
19/03/1999;3.027
22/03/1999;3.02
23/03/1999;3.019
24/03/1999;3.014
25/03/1999;2.998
26/03/1999;2.991
29/03/1999;2.985
30/03/1999;2.981
31/03/1999;2.971
01/04/1999;2.942
02/04/1999;2.929
05/04/1999;2.929
06/04/1999;2.905
07/04/1999;2.9
08/04/1999;2.895
09/04/1999;2.66
12/04/1999;2.661
13/04/1999;2.651
14/04/1999;2.637
15/04/1999;2.628
16/04/1999;2.626
19/04/1999;2.621
20/04/1999;2.61
21/04/1999;2.601
22/04/1999;2.596
23/04/1999;2.594
26/04/1999;2.591
27/04/1999;2.59
28/04/1999;2.588
29/04/1999;2.585
30/04/1999;2.583
03/05/1999;2.583
04/05/1999;2.581
05/05/1999;2.581
06/05/1999;2.579
07/05/1999;2.581
10/05/1999;2.582
11/05/1999;2.579
12/05/1999;2.578
13/05/1999;2.577
14/05/1999;2.57
17/05/1999;2.575
18/05/1999;2.576
19/05/1999;2.583
20/05/1999;2.584
21/05/1999;2.581
24/05/1999;2.579
25/05/1999;2.579
26/05/1999;2.577
27/05/1999;2.577
28/05/1999;2.578
31/05/1999;2.578
01/06/1999;2.585
02/06/1999;2.601
03/06/1999;2.597
04/06/1999;2.597
07/06/1999;2.602
08/06/1999;2.6
09/06/1999;2.603
10/06/1999;2.605
11/06/1999;2.619
14/06/1999;2.623
15/06/1999;2.625
16/06/1999;2.628
17/06/1999;2.632
18/06/1999;2.632
21/06/1999;2.637
22/06/1999;2.645
23/06/1999;2.647
24/06/1999;2.649
25/06/1999;2.66
28/06/1999;2.664
29/06/1999;2.667
30/06/1999;2.669
01/07/1999;2.655
02/07/1999;2.663
05/07/1999;2.662
06/07/1999;2.663
07/07/1999;2.663
08/07/1999;2.664
09/07/1999;2.665
12/07/1999;2.665
13/07/1999;2.666
14/07/1999;2.664
15/07/1999;2.663
16/07/1999;2.693
19/07/1999;2.699
20/07/1999;2.703
21/07/1999;2.697
22/07/1999;2.681
23/07/1999;2.685
26/07/1999;2.685
27/07/1999;2.685
28/07/1999;2.685
29/07/1999;2.686
30/07/1999;2.69
02/08/1999;2.697
03/08/1999;2.705
04/08/1999;2.702
05/08/1999;2.701
06/08/1999;2.699
09/08/1999;2.703
10/08/1999;2.704
11/08/1999;2.703
12/08/1999;2.703
13/08/1999;2.704
16/08/1999;2.704
17/08/1999;2.702
18/08/1999;2.678
19/08/1999;2.677
20/08/1999;2.684
23/08/1999;2.684
24/08/1999;2.686
25/08/1999;2.686
26/08/1999;2.686
27/08/1999;2.691
30/08/1999;2.695
31/08/1999;2.697
01/09/1999;2.699
02/09/1999;2.698
03/09/1999;2.696
06/09/1999;2.69
07/09/1999;2.688
08/09/1999;2.687
09/09/1999;2.689
10/09/1999;2.692
13/09/1999;2.693
14/09/1999;2.69
15/09/1999;2.69
16/09/1999;2.69
17/09/1999;2.687
20/09/1999;2.681
21/09/1999;2.684
22/09/1999;2.687
23/09/1999;2.698
24/09/1999;2.69
27/09/1999;2.69
28/09/1999;2.698
29/09/1999;3.084
30/09/1999;3.086
01/10/1999;3.126
04/10/1999;3.225
05/10/1999;3.252
06/10/1999;3.292
07/10/1999;3.317
08/10/1999;3.263
11/10/1999;3.277
12/10/1999;3.298
13/10/1999;3.358
14/10/1999;3.379
15/10/1999;3.429
18/10/1999;3.433
19/10/1999;3.429
20/10/1999;3.45
21/10/1999;3.474
22/10/1999;3.457
25/10/1999;3.451
26/10/1999;3.485
27/10/1999;3.501
28/10/1999;3.502
29/10/1999;3.491
01/11/1999;3.501
02/11/1999;3.528
03/11/1999;3.531
04/11/1999;3.517
05/11/1999;3.505
09/11/1999;3.461
10/11/1999;3.461
11/11/1999;3.462
12/11/1999;3.452
15/11/1999;3.449
16/11/1999;3.449
17/11/1999;3.449
18/11/1999;3.45
19/11/1999;3.45
22/11/1999;3.453
23/11/1999;3.451
24/11/1999;3.446
25/11/1999;3.444
26/11/1999;3.445
29/11/1999;3.445
30/11/1999;3.448
01/12/1999;3.45
02/12/1999;3.451
03/12/1999;3.454
06/12/1999;3.459
07/12/1999;3.461
08/12/1999;3.461
09/12/1999;3.461
10/12/1999;3.457
13/12/1999;3.455
14/12/1999;3.456
15/12/1999;3.456
16/12/1999;3.458
17/12/1999;3.465
20/12/1999;3.466
21/12/1999;3.466
22/12/1999;3.458
23/12/1999;3.447
24/12/1999;3.449
27/12/1999;3.45
28/12/1999;3.449
29/12/1999;3.345
30/12/1999;3.339
03/01/2000;3.338
04/01/2000;3.343
05/01/2000;3.341
06/01/2000;3.331
07/01/2000;3.322
10/01/2000;3.317
11/01/2000;3.315
12/01/2000;3.322
13/01/2000;3.322
14/01/2000;3.321
17/01/2000;3.316
18/01/2000;3.313
19/01/2000;3.308
20/01/2000;3.31
21/01/2000;3.31
24/01/2000;3.317
25/01/2000;3.322
26/01/2000;3.332
27/01/2000;3.428
28/01/2000;3.486
31/01/2000;3.492
01/02/2000;3.496
02/02/2000;3.489
03/02/2000;3.498
04/02/2000;3.493
07/02/2000;3.496
08/02/2000;3.496
09/02/2000;3.492
10/02/2000;3.487
11/02/2000;3.491
14/02/2000;3.49
15/02/2000;3.487
16/02/2000;3.488
17/02/2000;3.489
18/02/2000;3.531
21/02/2000;3.612
22/02/2000;3.625
23/02/2000;3.632
24/02/2000;3.632
25/02/2000;3.598
28/02/2000;3.616
29/02/2000;3.634
01/03/2000;3.633
02/03/2000;3.642
03/03/2000;3.632
06/03/2000;3.64
07/03/2000;3.646
08/03/2000;3.669
09/03/2000;3.714
13/03/2000;3.736
14/03/2000;3.786
15/03/2000;3.794
16/03/2000;3.805
17/03/2000;3.771
20/03/2000;3.769
21/03/2000;3.766
22/03/2000;3.766
23/03/2000;3.767
24/03/2000;3.772
27/03/2000;3.797
28/03/2000;3.812
29/03/2000;3.821
30/03/2000;3.834
31/03/2000;3.831
03/04/2000;3.833
04/04/2000;3.834
05/04/2000;3.832
06/04/2000;3.834
07/04/2000;3.861
10/04/2000;3.876
11/04/2000;3.901
12/04/2000;3.917
13/04/2000;3.923
14/04/2000;3.92
17/04/2000;3.918
18/04/2000;3.937
19/04/2000;3.948
20/04/2000;3.963
25/04/2000;3.998
26/04/2000;4.036
27/04/2000;4.03
28/04/2000;4.094
02/05/2000;4.104
03/05/2000;4.183
04/05/2000;4.289
05/05/2000;4.323
08/05/2000;4.314
09/05/2000;4.319
10/05/2000;4.303
11/05/2000;4.288
12/05/2000;4.328
15/05/2000;4.329
16/05/2000;4.336
17/05/2000;4.432
18/05/2000;4.476
19/05/2000;4.461
22/05/2000;4.481
23/05/2000;4.471
24/05/2000;4.448
25/05/2000;4.428
26/05/2000;4.401
29/05/2000;4.397
30/05/2000;4.401
31/05/2000;4.453
01/06/2000;4.467
02/06/2000;4.465
05/06/2000;4.427
06/06/2000;4.428
07/06/2000;4.412
08/06/2000;4.416
09/06/2000;4.552
12/06/2000;4.549
13/06/2000;4.548
14/06/2000;4.534
15/06/2000;4.506
16/06/2000;4.476
19/06/2000;4.47
20/06/2000;4.486
21/06/2000;4.518
22/06/2000;4.518
23/06/2000;4.529
26/06/2000;4.544
27/06/2000;4.551
28/06/2000;4.547
29/06/2000;4.548
30/06/2000;4.547
03/07/2000;4.551
04/07/2000;4.547
05/07/2000;4.544
06/07/2000;4.535
07/07/2000;4.538
10/07/2000;4.537
11/07/2000;4.539
12/07/2000;4.541
13/07/2000;4.548
14/07/2000;4.558
17/07/2000;4.562
18/07/2000;4.566
19/07/2000;4.625
20/07/2000;4.636
21/07/2000;4.624
24/07/2000;4.624
25/07/2000;4.626
26/07/2000;4.631
27/07/2000;4.63
28/07/2000;4.638
31/07/2000;4.641
01/08/2000;4.636
02/08/2000;4.639
03/08/2000;4.642
04/08/2000;4.644
07/08/2000;4.639
08/08/2000;4.637
09/08/2000;4.644
10/08/2000;4.648
11/08/2000;4.711
14/08/2000;4.784
15/08/2000;4.786
16/08/2000;4.824
17/08/2000;4.841
18/08/2000;4.832
21/08/2000;4.844
22/08/2000;4.871
23/08/2000;4.87
24/08/2000;4.864
25/08/2000;4.902
28/08/2000;4.919
29/08/2000;4.915
30/08/2000;4.893
31/08/2000;4.888
01/09/2000;4.829
04/09/2000;4.816
05/09/2000;4.824
06/09/2000;4.833
07/09/2000;4.87
08/09/2000;4.86
11/09/2000;4.863
12/09/2000;4.861
13/09/2000;4.846
14/09/2000;4.831
15/09/2000;4.809
18/09/2000;4.816
19/09/2000;4.816
20/09/2000;4.818
21/09/2000;4.815
22/09/2000;4.811
25/09/2000;4.827
26/09/2000;4.884
27/09/2000;4.885
28/09/2000;4.999
29/09/2000;4.996
02/10/2000;4.991
03/10/2000;4.985
04/10/2000;4.981
05/10/2000;4.981
06/10/2000;5.021
09/10/2000;5.02
10/10/2000;5.016
11/10/2000;5.007
12/10/2000;5.007
13/10/2000;4.99
16/10/2000;5.009
17/10/2000;5.018
18/10/2000;5.016
19/10/2000;5.025
20/10/2000;5.039
23/10/2000;5.064
24/10/2000;5.1
25/10/2000;5.103
26/10/2000;5.125
27/10/2000;5.132
30/10/2000;5.138
31/10/2000;5.14
01/11/2000;5.137
02/11/2000;5.125
03/11/2000;5.125
06/11/2000;5.122
07/11/2000;5.119
08/11/2000;5.122
09/11/2000;5.123
10/11/2000;5.112
13/11/2000;5.106
14/11/2000;5.094
15/11/2000;5.085
16/11/2000;5.078
17/11/2000;5.062
20/11/2000;5.061
21/11/2000;5.07
22/11/2000;5.072
23/11/2000;5.07
24/11/2000;5.071
27/11/2000;5.075
28/11/2000;5.074
29/11/2000;5.069
30/11/2000;5.051
01/12/2000;5.021
04/12/2000;5.012
05/12/2000;5.006
06/12/2000;4.972
07/12/2000;4.956
08/12/2000;4.956
11/12/2000;4.967
12/12/2000;4.967
13/12/2000;4.966
14/12/2000;4.953
15/12/2000;4.949
18/12/2000;4.933
19/12/2000;4.916
20/12/2000;4.905
21/12/2000;4.892
22/12/2000;4.879
27/12/2000;4.88
28/12/2000;4.859
29/12/2000;4.855
02/01/2001;4.844
03/01/2001;4.806
04/01/2001;4.741
05/01/2001;4.701
08/01/2001;4.687
09/01/2001;4.711
10/01/2001;4.775
11/01/2001;4.797
12/01/2001;4.8
15/01/2001;4.815
16/01/2001;4.801
17/01/2001;4.795
18/01/2001;4.778
19/01/2001;4.763
22/01/2001;4.757
23/01/2001;4.756
24/01/2001;4.767
25/01/2001;4.768
26/01/2001;4.784
29/01/2001;4.785
30/01/2001;4.781
31/01/2001;4.744
01/02/2001;4.714
02/02/2001;4.724
05/02/2001;4.728
06/02/2001;4.725
07/02/2001;4.727
08/02/2001;4.731
09/02/2001;4.734
12/02/2001;4.734
13/02/2001;4.733
14/02/2001;4.743
15/02/2001;4.747
16/02/2001;4.752
19/02/2001;4.759
20/02/2001;4.779
21/02/2001;4.789
22/02/2001;4.798
23/02/2001;4.807
26/02/2001;4.811
27/02/2001;4.81
28/02/2001;4.771
01/03/2001;4.756
02/03/2001;4.761
05/03/2001;4.761
06/03/2001;4.771
07/03/2001;4.776
08/03/2001;4.778
09/03/2001;4.782
12/03/2001;4.784
13/03/2001;4.783
14/03/2001;4.784
15/03/2001;4.767
16/03/2001;4.769
19/03/2001;4.769
20/03/2001;4.766
21/03/2001;4.753
22/03/2001;4.649
23/03/2001;4.574
26/03/2001;4.566
27/03/2001;4.56
28/03/2001;4.566
29/03/2001;4.554
30/03/2001;4.561
02/04/2001;4.571
03/04/2001;4.586
04/04/2001;4.572
05/04/2001;4.573
06/04/2001;4.574
09/04/2001;4.559
10/04/2001;4.554
11/04/2001;4.583
12/04/2001;4.742
17/04/2001;4.765
18/04/2001;4.779
19/04/2001;4.677
20/04/2001;4.765
23/04/2001;4.754
24/04/2001;4.773
25/04/2001;4.78
26/04/2001;4.779
27/04/2001;4.77
30/04/2001;4.802
02/05/2001;4.817
03/05/2001;4.82
04/05/2001;4.814
07/05/2001;4.804
08/05/2001;4.801
09/05/2001;4.793
10/05/2001;4.766
11/05/2001;4.563
14/05/2001;4.572
15/05/2001;4.572
16/05/2001;4.567
17/05/2001;4.564
18/05/2001;4.557
21/05/2001;4.557
22/05/2001;4.555
23/05/2001;4.563
24/05/2001;4.559
25/05/2001;4.564
28/05/2001;4.564
29/05/2001;4.56
30/05/2001;4.544
31/05/2001;4.531
01/06/2001;4.513
04/06/2001;4.496
05/06/2001;4.486
06/06/2001;4.449
07/06/2001;4.433
08/06/2001;4.451
11/06/2001;4.451
12/06/2001;4.449
13/06/2001;4.47
14/06/2001;4.474
15/06/2001;4.465
18/06/2001;4.464
19/06/2001;4.462
20/06/2001;4.452
21/06/2001;4.433
22/06/2001;4.433
25/06/2001;4.432
26/06/2001;4.426
27/06/2001;4.435
28/06/2001;4.41
29/06/2001;4.441
02/07/2001;4.435
03/07/2001;4.416
04/07/2001;4.448
05/07/2001;4.446
06/07/2001;4.471
09/07/2001;4.482
10/07/2001;4.499
11/07/2001;4.487
12/07/2001;4.487
13/07/2001;4.484
16/07/2001;4.486
17/07/2001;4.483
18/07/2001;4.483
19/07/2001;4.466
20/07/2001;4.475
23/07/2001;4.474
24/07/2001;4.469
25/07/2001;4.466
26/07/2001;4.464
27/07/2001;4.457
30/07/2001;4.455
31/07/2001;4.444
01/08/2001;4.429
02/08/2001;4.415
03/08/2001;4.433
06/08/2001;4.425
07/08/2001;4.425
08/08/2001;4.431
09/08/2001;4.41
10/08/2001;4.382
13/08/2001;4.362
14/08/2001;4.36
15/08/2001;4.357
16/08/2001;4.346
17/08/2001;4.345
20/08/2001;4.335
21/08/2001;4.325
22/08/2001;4.308
23/08/2001;4.313
24/08/2001;4.311
27/08/2001;4.315
28/08/2001;4.305
29/08/2001;4.27
30/08/2001;4.276
31/08/2001;4.253
03/09/2001;4.254
04/09/2001;4.258
05/09/2001;4.276
06/09/2001;4.279
07/09/2001;4.264
10/09/2001;4.242
11/09/2001;4.242
12/09/2001;4.176
13/09/2001;4.165
14/09/2001;4.16
17/09/2001;4.137
18/09/2001;3.779
19/09/2001;3.779
20/09/2001;3.76
21/09/2001;3.69
24/09/2001;3.661
25/09/2001;3.654
26/09/2001;3.648
27/09/2001;3.655
28/09/2001;3.656
01/10/2001;3.656
02/10/2001;3.651
03/10/2001;3.622
04/10/2001;3.598
05/10/2001;3.558
08/10/2001;3.557
09/10/2001;3.582
10/10/2001;3.624
11/10/2001;3.614
12/10/2001;3.656
15/10/2001;3.636
16/10/2001;3.626
17/10/2001;3.645
18/10/2001;3.633
19/10/2001;3.607
22/10/2001;3.58
23/10/2001;3.579
24/10/2001;3.575
25/10/2001;3.563
26/10/2001;3.579
29/10/2001;3.576
30/10/2001;3.558
31/10/2001;3.522
01/11/2001;3.512
02/11/2001;3.499
05/11/2001;3.491
06/11/2001;3.467
07/11/2001;3.371
08/11/2001;3.324
09/11/2001;3.342
12/11/2001;3.35
13/11/2001;3.351
14/11/2001;3.338
15/11/2001;3.359
16/11/2001;3.383
19/11/2001;3.373
20/11/2001;3.349
21/11/2001;3.363
22/11/2001;3.38
23/11/2001;3.375
26/11/2001;3.369
27/11/2001;3.377
28/11/2001;3.376
29/11/2001;3.376
30/11/2001;3.36
03/12/2001;3.346
04/12/2001;3.348
05/12/2001;3.348
06/12/2001;3.364
07/12/2001;3.37
10/12/2001;3.36
11/12/2001;3.351
12/12/2001;3.351
13/12/2001;3.342
14/12/2001;3.346
17/12/2001;3.349
18/12/2001;3.35
19/12/2001;3.348
20/12/2001;3.343
21/12/2001;3.339
24/12/2001;3.34
27/12/2001;3.319
28/12/2001;3.294
02/01/2002;3.279
03/01/2002;3.272
04/01/2002;3.292
07/01/2002;3.312
08/01/2002;3.311
09/01/2002;3.325
10/01/2002;3.338
11/01/2002;3.345
14/01/2002;3.331
15/01/2002;3.329
16/01/2002;3.335
17/01/2002;3.344
18/01/2002;3.345
21/01/2002;3.346
22/01/2002;3.349
23/01/2002;3.361
24/01/2002;3.369
25/01/2002;3.378
28/01/2002;3.381
29/01/2002;3.378
30/01/2002;3.362
31/01/2002;3.371
01/02/2002;3.375
04/02/2002;3.364
05/02/2002;3.357
06/02/2002;3.353
07/02/2002;3.347
08/02/2002;3.353
11/02/2002;3.354
12/02/2002;3.352
13/02/2002;3.358
14/02/2002;3.358
15/02/2002;3.354
18/02/2002;3.352
19/02/2002;3.352
20/02/2002;3.352
21/02/2002;3.354
22/02/2002;3.355
25/02/2002;3.354
26/02/2002;3.365
27/02/2002;3.367
28/02/2002;3.366
01/03/2002;3.367
04/03/2002;3.37
05/03/2002;3.369
06/03/2002;3.369
07/03/2002;3.368
08/03/2002;3.374
11/03/2002;3.374
12/03/2002;3.374
13/03/2002;3.374
14/03/2002;3.379
15/03/2002;3.381
18/03/2002;3.381
19/03/2002;3.382
20/03/2002;3.382
21/03/2002;3.393
22/03/2002;3.401
25/03/2002;3.428
26/03/2002;3.452
27/03/2002;3.45
28/03/2002;3.448
02/04/2002;3.446
03/04/2002;3.441
04/04/2002;3.435
05/04/2002;3.43
08/04/2002;3.422
09/04/2002;3.426
10/04/2002;3.413
11/04/2002;3.414
12/04/2002;3.411
15/04/2002;3.408
16/04/2002;3.399
17/04/2002;3.395
18/04/2002;3.393
19/04/2002;3.388
22/04/2002;3.389
23/04/2002;3.392
24/04/2002;3.393
25/04/2002;3.387
26/04/2002;3.392
29/04/2002;3.386
30/04/2002;3.385
02/05/2002;3.383
03/05/2002;3.417
06/05/2002;3.416
07/05/2002;3.414
08/05/2002;3.417
09/05/2002;3.428
10/05/2002;3.427
13/05/2002;3.43
14/05/2002;3.474
15/05/2002;3.498
16/05/2002;3.497
17/05/2002;3.526
20/05/2002;3.524
21/05/2002;3.524
22/05/2002;3.487
23/05/2002;3.483
24/05/2002;3.483
27/05/2002;3.482
28/05/2002;3.497
29/05/2002;3.497
30/05/2002;3.488
31/05/2002;3.485
03/06/2002;3.483
04/06/2002;3.475
05/06/2002;3.473
06/06/2002;3.475
07/06/2002;3.466
10/06/2002;3.469
11/06/2002;3.466
12/06/2002;3.466
13/06/2002;3.47
14/06/2002;3.468
17/06/2002;3.465
18/06/2002;3.465
19/06/2002;3.467
20/06/2002;3.467
21/06/2002;3.467
24/06/2002;3.463
25/06/2002;3.461
26/06/2002;3.433
27/06/2002;3.44
28/06/2002;3.441
01/07/2002;3.438
02/07/2002;3.437
03/07/2002;3.431
04/07/2002;3.438
05/07/2002;3.439
08/07/2002;3.438
09/07/2002;3.435
10/07/2002;3.424
11/07/2002;3.414
12/07/2002;3.413
15/07/2002;3.413
16/07/2002;3.414
17/07/2002;3.407
18/07/2002;3.405
19/07/2002;3.403
22/07/2002;3.401
23/07/2002;3.402
24/07/2002;3.383
25/07/2002;3.386
26/07/2002;3.381
29/07/2002;3.373
30/07/2002;3.378
31/07/2002;3.377
01/08/2002;3.371
02/08/2002;3.361
05/08/2002;3.347
06/08/2002;3.329
07/08/2002;3.338
08/08/2002;3.336
09/08/2002;3.342
12/08/2002;3.34
13/08/2002;3.34
14/08/2002;3.326
15/08/2002;3.338
16/08/2002;3.351
19/08/2002;3.36
20/08/2002;3.353
21/08/2002;3.353
22/08/2002;3.369
23/08/2002;3.368
26/08/2002;3.368
27/08/2002;3.367
28/08/2002;3.367
29/08/2002;3.36
30/08/2002;3.358
02/09/2002;3.351
03/09/2002;3.341
04/09/2002;3.326
05/09/2002;3.314
06/09/2002;3.306
09/09/2002;3.316
10/09/2002;3.317
11/09/2002;3.315
12/09/2002;3.315
13/09/2002;3.312
16/09/2002;3.313
17/09/2002;3.314
18/09/2002;3.308
19/09/2002;3.307
20/09/2002;3.3
23/09/2002;3.297
24/09/2002;3.292
25/09/2002;3.287
26/09/2002;3.288
27/09/2002;3.297
30/09/2002;3.297
01/10/2002;3.279
02/10/2002;3.283
03/10/2002;3.265
04/10/2002;3.254
07/10/2002;3.211
08/10/2002;3.228
09/10/2002;3.23
10/10/2002;3.226
11/10/2002;3.259
14/10/2002;3.274
15/10/2002;3.281
16/10/2002;3.301
17/10/2002;3.313
18/10/2002;3.292
21/10/2002;3.263
22/10/2002;3.258
23/10/2002;3.25
24/10/2002;3.24
25/10/2002;3.253
28/10/2002;3.267
29/10/2002;3.272
30/10/2002;3.251
31/10/2002;3.259
01/11/2002;3.236
04/11/2002;3.233
05/11/2002;3.212
06/11/2002;3.214
07/11/2002;3.136
08/11/2002;3.209
11/11/2002;3.187
12/11/2002;3.174
13/11/2002;3.143
14/11/2002;3.124
15/11/2002;3.124
18/11/2002;3.1
19/11/2002;3.092
20/11/2002;3.079
21/11/2002;3.045
22/11/2002;3.043
25/11/2002;3.053
26/11/2002;3.054
27/11/2002;3.047
28/11/2002;3.055
29/11/2002;3.047
02/12/2002;3.036
03/12/2002;3.026
04/12/2002;2.989
05/12/2002;2.967
06/12/2002;2.916
09/12/2002;2.916
10/12/2002;2.918
11/12/2002;2.923
12/12/2002;2.93
13/12/2002;2.939
16/12/2002;2.942
17/12/2002;2.941
18/12/2002;2.94
19/12/2002;2.939
20/12/2002;2.943
23/12/2002;2.949
24/12/2002;2.945
27/12/2002;2.93
30/12/2002;2.867
31/12/2002;2.865
02/01/2003;2.861
03/01/2003;2.863
06/01/2003;2.86
07/01/2003;2.859
08/01/2003;2.853
09/01/2003;2.834
10/01/2003;2.836
13/01/2003;2.829
14/01/2003;2.829
15/01/2003;2.829
16/01/2003;2.828
17/01/2003;2.83
20/01/2003;2.828
21/01/2003;2.831
22/01/2003;2.825
23/01/2003;2.823
24/01/2003;2.819
27/01/2003;2.814
28/01/2003;2.818
29/01/2003;2.813
30/01/2003;2.811
31/01/2003;2.807
03/02/2003;2.807
04/02/2003;2.805
05/02/2003;2.795
06/02/2003;2.79
07/02/2003;2.763
10/02/2003;2.74
11/02/2003;2.741
12/02/2003;2.728
13/02/2003;2.707
14/02/2003;2.687
17/02/2003;2.693
18/02/2003;2.689
19/02/2003;2.687
20/02/2003;2.679
21/02/2003;2.679
24/02/2003;2.592
25/02/2003;2.571
26/02/2003;2.545
27/02/2003;2.518
28/02/2003;2.533
03/03/2003;2.503
04/03/2003;2.492
05/03/2003;2.477
06/03/2003;2.461
07/03/2003;2.528
10/03/2003;2.537
11/03/2003;2.54
12/03/2003;2.538
13/03/2003;2.545
14/03/2003;2.567
17/03/2003;2.561
18/03/2003;2.576
19/03/2003;2.562
20/03/2003;2.544
21/03/2003;2.537
24/03/2003;2.529
25/03/2003;2.528
26/03/2003;2.527
27/03/2003;2.526
28/03/2003;2.529
31/03/2003;2.522
01/04/2003;2.514
02/04/2003;2.505
03/04/2003;2.502
04/04/2003;2.517
07/04/2003;2.528
08/04/2003;2.527
09/04/2003;2.523
10/04/2003;2.519
11/04/2003;2.522
14/04/2003;2.545
15/04/2003;2.555
16/04/2003;2.561
17/04/2003;2.556
22/04/2003;2.552
23/04/2003;2.552
24/04/2003;2.552
25/04/2003;2.543
28/04/2003;2.533
29/04/2003;2.531
30/04/2003;2.53
02/05/2003;2.504
05/05/2003;2.503
06/05/2003;2.502
07/05/2003;2.476
08/05/2003;2.455
09/05/2003;2.473
12/05/2003;2.467
13/05/2003;2.464
14/05/2003;2.43
15/05/2003;2.422
16/05/2003;2.408
19/05/2003;2.381
20/05/2003;2.374
21/05/2003;2.365
22/05/2003;2.358
23/05/2003;2.345
26/05/2003;2.321
27/05/2003;2.305
28/05/2003;2.294
29/05/2003;2.292
30/05/2003;2.272
02/06/2003;2.258
03/06/2003;2.235
04/06/2003;2.185
05/06/2003;2.171
06/06/2003;2.147
09/06/2003;2.134
10/06/2003;2.133
11/06/2003;2.123
12/06/2003;2.124
13/06/2003;2.125
16/06/2003;2.129
17/06/2003;2.137
18/06/2003;2.141
19/06/2003;2.142
20/06/2003;2.142
23/06/2003;2.143
24/06/2003;2.146
25/06/2003;2.139
26/06/2003;2.14
27/06/2003;2.148
30/06/2003;2.147
01/07/2003;2.145
02/07/2003;2.142
03/07/2003;2.142
04/07/2003;2.14
07/07/2003;2.136
08/07/2003;2.134
09/07/2003;2.131
10/07/2003;2.135
11/07/2003;2.129
14/07/2003;2.129
15/07/2003;2.129
16/07/2003;2.133
17/07/2003;2.13
18/07/2003;2.128
21/07/2003;2.127
22/07/2003;2.133
23/07/2003;2.126
24/07/2003;2.122
25/07/2003;2.12
28/07/2003;2.119
29/07/2003;2.119
30/07/2003;2.121
31/07/2003;2.121
01/08/2003;2.129
04/08/2003;2.139
05/08/2003;2.138
06/08/2003;2.136
07/08/2003;2.136
08/08/2003;2.135
11/08/2003;2.135
12/08/2003;2.136
13/08/2003;2.135
14/08/2003;2.138
15/08/2003;2.138
18/08/2003;2.137
19/08/2003;2.139
20/08/2003;2.137
21/08/2003;2.141
22/08/2003;2.147
25/08/2003;2.147
26/08/2003;2.149
27/08/2003;2.154
28/08/2003;2.151
29/08/2003;2.152
01/09/2003;2.151
02/09/2003;2.153
03/09/2003;2.16
04/09/2003;2.161
05/09/2003;2.159
08/09/2003;2.157
09/09/2003;2.153
10/09/2003;2.152
11/09/2003;2.152
12/09/2003;2.152
15/09/2003;2.151
16/09/2003;2.15
17/09/2003;2.151
18/09/2003;2.15
19/09/2003;2.149
22/09/2003;2.141
23/09/2003;2.138
24/09/2003;2.135
25/09/2003;2.133
26/09/2003;2.132
29/09/2003;2.133
30/09/2003;2.128
01/10/2003;2.121
02/10/2003;2.122
03/10/2003;2.127
06/10/2003;2.145
07/10/2003;2.138
08/10/2003;2.134
09/10/2003;2.133
10/10/2003;2.135
13/10/2003;2.136
14/10/2003;2.138
15/10/2003;2.142
16/10/2003;2.14
17/10/2003;2.152
20/10/2003;2.152
21/10/2003;2.151
22/10/2003;2.152
23/10/2003;2.15
24/10/2003;2.151
27/10/2003;2.156
28/10/2003;2.154
29/10/2003;2.153
30/10/2003;2.159
31/10/2003;2.161
03/11/2003;2.163
04/11/2003;2.163
05/11/2003;2.164
06/11/2003;2.165
07/11/2003;2.169
10/11/2003;2.171
11/11/2003;2.171
12/11/2003;2.171
13/11/2003;2.171
14/11/2003;2.161
17/11/2003;2.154
18/11/2003;2.153
19/11/2003;2.147
20/11/2003;2.151
21/11/2003;2.147
24/11/2003;2.146
25/11/2003;2.152
26/11/2003;2.153
27/11/2003;2.155
28/11/2003;2.154
01/12/2003;2.16
02/12/2003;2.159
03/12/2003;2.159
04/12/2003;2.159
05/12/2003;2.154
08/12/2003;2.152
09/12/2003;2.149
10/12/2003;2.149
11/12/2003;2.15
12/12/2003;2.148
15/12/2003;2.146
16/12/2003;2.145
17/12/2003;2.144
18/12/2003;2.141
19/12/2003;2.142
22/12/2003;2.14
23/12/2003;2.142
24/12/2003;2.142
29/12/2003;2.142
30/12/2003;2.126
31/12/2003;2.124
02/01/2004;2.12
05/01/2004;2.114
06/01/2004;2.113
07/01/2004;2.104
08/01/2004;2.103
09/01/2004;2.102
12/01/2004;2.095
13/01/2004;2.092
14/01/2004;2.086
15/01/2004;2.08
16/01/2004;2.076
19/01/2004;2.077
20/01/2004;2.08
21/01/2004;2.075
22/01/2004;2.075
23/01/2004;2.073
26/01/2004;2.074
27/01/2004;2.078
28/01/2004;2.078
29/01/2004;2.091
30/01/2004;2.093
02/02/2004;2.091
03/02/2004;2.089
04/02/2004;2.085
05/02/2004;2.083
06/02/2004;2.08
09/02/2004;2.074
10/02/2004;2.07
11/02/2004;2.074
12/02/2004;2.067
13/02/2004;2.067
16/02/2004;2.065
17/02/2004;2.066
18/02/2004;2.055
19/02/2004;2.06
20/02/2004;2.061
23/02/2004;2.073
24/02/2004;2.076
25/02/2004;2.07
26/02/2004;2.053
27/02/2004;2.052
01/03/2004;2.047
02/03/2004;2.052
03/03/2004;2.057
04/03/2004;2.054
05/03/2004;2.061
08/03/2004;2.052
09/03/2004;2.052
10/03/2004;2.054
11/03/2004;2.058
12/03/2004;2.053
15/03/2004;2.052
16/03/2004;2.053
17/03/2004;2.052
18/03/2004;2.04
19/03/2004;2.034
22/03/2004;2.025
23/03/2004;2.021
24/03/2004;2.017
25/03/2004;1.989
26/03/2004;1.967
29/03/2004;1.957
30/03/2004;1.958
31/03/2004;1.958
01/04/2004;1.96
02/04/2004;2.025
05/04/2004;2.054
06/04/2004;2.051
07/04/2004;2.038
08/04/2004;2.036
13/04/2004;2.038
14/04/2004;2.048
15/04/2004;2.051
16/04/2004;2.053
19/04/2004;2.052
20/04/2004;2.052
21/04/2004;2.066
22/04/2004;2.059
23/04/2004;2.056
26/04/2004;2.064
27/04/2004;2.063
28/04/2004;2.064
29/04/2004;2.072
30/04/2004;2.073
03/05/2004;2.072
04/05/2004;2.073
05/05/2004;2.072
06/05/2004;2.074
07/05/2004;2.081
10/05/2004;2.086
11/05/2004;2.085
12/05/2004;2.084
13/05/2004;2.093
14/05/2004;2.094
17/05/2004;2.09
18/05/2004;2.091
19/05/2004;2.091
20/05/2004;2.091
21/05/2004;2.09
24/05/2004;2.093
25/05/2004;2.092
26/05/2004;2.09
27/05/2004;2.087
28/05/2004;2.087
31/05/2004;2.087
01/06/2004;2.087
02/06/2004;2.089
03/06/2004;2.096
04/06/2004;2.101
07/06/2004;2.102
08/06/2004;2.102
09/06/2004;2.103
10/06/2004;2.109
11/06/2004;2.112
14/06/2004;2.115
15/06/2004;2.121
16/06/2004;2.119
17/06/2004;2.122
18/06/2004;2.123
21/06/2004;2.124
22/06/2004;2.123
23/06/2004;2.123
24/06/2004;2.122
25/06/2004;2.122
28/06/2004;2.121
29/06/2004;2.123
30/06/2004;2.12
01/07/2004;2.116
02/07/2004;2.116
05/07/2004;2.114
06/07/2004;2.115
07/07/2004;2.114
08/07/2004;2.114
09/07/2004;2.114
12/07/2004;2.114
13/07/2004;2.115
14/07/2004;2.115
15/07/2004;2.115
16/07/2004;2.115
19/07/2004;2.115
20/07/2004;2.115
21/07/2004;2.12
22/07/2004;2.12
23/07/2004;2.12
26/07/2004;2.117
27/07/2004;2.117
28/07/2004;2.118
29/07/2004;2.118
30/07/2004;2.116
02/08/2004;2.115
03/08/2004;2.116
04/08/2004;2.116
05/08/2004;2.116
06/08/2004;2.115
09/08/2004;2.112
10/08/2004;2.112
11/08/2004;2.113
12/08/2004;2.114
13/08/2004;2.112
16/08/2004;2.113
17/08/2004;2.113
18/08/2004;2.114
19/08/2004;2.114
20/08/2004;2.114
23/08/2004;2.114
24/08/2004;2.115
25/08/2004;2.115
26/08/2004;2.116
27/08/2004;2.115
30/08/2004;2.115
31/08/2004;2.115
01/09/2004;2.115
02/09/2004;2.111
03/09/2004;2.114
06/09/2004;2.116
07/09/2004;2.116
08/09/2004;2.115
09/09/2004;2.116
10/09/2004;2.116
13/09/2004;2.116
14/09/2004;2.116
15/09/2004;2.116
16/09/2004;2.116
17/09/2004;2.116
20/09/2004;2.115
21/09/2004;2.116
22/09/2004;2.116
23/09/2004;2.116
24/09/2004;2.116
27/09/2004;2.116
28/09/2004;2.116
29/09/2004;2.149
30/09/2004;2.15
01/10/2004;2.148
04/10/2004;2.149
05/10/2004;2.149
06/10/2004;2.15
07/10/2004;2.15
08/10/2004;2.149
11/10/2004;2.146
12/10/2004;2.146
13/10/2004;2.148
14/10/2004;2.147
15/10/2004;2.146
18/10/2004;2.145
19/10/2004;2.144
20/10/2004;2.144
21/10/2004;2.145
22/10/2004;2.145
25/10/2004;2.145
26/10/2004;2.147
27/10/2004;2.146
28/10/2004;2.152
29/10/2004;2.153
01/11/2004;2.152
02/11/2004;2.153
03/11/2004;2.158
04/11/2004;2.161
05/11/2004;2.161
08/11/2004;2.169
09/11/2004;2.17
10/11/2004;2.171
11/11/2004;2.172
12/11/2004;2.172
15/11/2004;2.173
16/11/2004;2.174
17/11/2004;2.174
18/11/2004;2.176
19/11/2004;2.176
22/11/2004;2.177
23/11/2004;2.177
24/11/2004;2.176
25/11/2004;2.176
26/11/2004;2.177
29/11/2004;2.176
30/11/2004;2.176
01/12/2004;2.174
02/12/2004;2.172
03/12/2004;2.174
06/12/2004;2.17
07/12/2004;2.171
08/12/2004;2.17
09/12/2004;2.17
10/12/2004;2.173
13/12/2004;2.174
14/12/2004;2.175
15/12/2004;2.175
16/12/2004;2.175
17/12/2004;2.175
20/12/2004;2.177
21/12/2004;2.176
22/12/2004;2.176
23/12/2004;2.178
24/12/2004;2.178
27/12/2004;2.178
28/12/2004;2.179
29/12/2004;2.18
30/12/2004;2.158
31/12/2004;2.155
03/01/2005;2.154
04/01/2005;2.151
05/01/2005;2.151
06/01/2005;2.15
07/01/2005;2.146
10/01/2005;2.146
11/01/2005;2.146
12/01/2005;2.145
13/01/2005;2.144
14/01/2005;2.144
17/01/2005;2.143
18/01/2005;2.144
19/01/2005;2.143
20/01/2005;2.144
21/01/2005;2.143
24/01/2005;2.143
25/01/2005;2.144
26/01/2005;2.143
27/01/2005;2.144
28/01/2005;2.144
31/01/2005;2.142
01/02/2005;2.142
02/02/2005;2.141
03/02/2005;2.144
04/02/2005;2.142
07/02/2005;2.142
08/02/2005;2.141
09/02/2005;2.142
10/02/2005;2.14
11/02/2005;2.14
14/02/2005;2.139
15/02/2005;2.136
16/02/2005;2.135
17/02/2005;2.135
18/02/2005;2.135
21/02/2005;2.135
22/02/2005;2.135
23/02/2005;2.135
24/02/2005;2.136
25/02/2005;2.136
28/02/2005;2.136
01/03/2005;2.136
02/03/2005;2.135
03/03/2005;2.135
04/03/2005;2.134
07/03/2005;2.133
08/03/2005;2.134
09/03/2005;2.134
10/03/2005;2.134
11/03/2005;2.135
14/03/2005;2.135
15/03/2005;2.135
16/03/2005;2.135
17/03/2005;2.136
18/03/2005;2.135
21/03/2005;2.135
22/03/2005;2.138
23/03/2005;2.142
24/03/2005;2.143
29/03/2005;2.144
30/03/2005;2.146
31/03/2005;2.147
01/04/2005;2.147
04/04/2005;2.147
05/04/2005;2.147
06/04/2005;2.148
07/04/2005;2.146
08/04/2005;2.144
11/04/2005;2.142
12/04/2005;2.14
13/04/2005;2.138
14/04/2005;2.137
15/04/2005;2.136
18/04/2005;2.134
19/04/2005;2.134
20/04/2005;2.135
21/04/2005;2.133
22/04/2005;2.133
25/04/2005;2.129
26/04/2005;2.129
27/04/2005;2.129
28/04/2005;2.128
29/04/2005;2.126
02/05/2005;2.126
03/05/2005;2.126
04/05/2005;2.125
05/05/2005;2.126
06/05/2005;2.125
09/05/2005;2.128
10/05/2005;2.125
11/05/2005;2.125
12/05/2005;2.126
13/05/2005;2.125
16/05/2005;2.126
17/05/2005;2.126
18/05/2005;2.126
19/05/2005;2.125
20/05/2005;2.126
23/05/2005;2.126
24/05/2005;2.126
25/05/2005;2.125
26/05/2005;2.125
27/05/2005;2.125
30/05/2005;2.124
31/05/2005;2.127
01/06/2005;2.124
02/06/2005;2.115
03/06/2005;2.115
06/06/2005;2.116
07/06/2005;2.116
08/06/2005;2.113
09/06/2005;2.113
10/06/2005;2.114
13/06/2005;2.111
14/06/2005;2.111
15/06/2005;2.112
16/06/2005;2.116
17/06/2005;2.116
20/06/2005;2.116
21/06/2005;2.108
22/06/2005;2.104
23/06/2005;2.102
24/06/2005;2.104
27/06/2005;2.104
28/06/2005;2.103
29/06/2005;2.104
30/06/2005;2.106
01/07/2005;2.107
04/07/2005;2.111
05/07/2005;2.114
06/07/2005;2.115
07/07/2005;2.114
08/07/2005;2.114
11/07/2005;2.115
12/07/2005;2.117
13/07/2005;2.119
14/07/2005;2.119
15/07/2005;2.122
18/07/2005;2.123
19/07/2005;2.123
20/07/2005;2.124
21/07/2005;2.123
22/07/2005;2.124
25/07/2005;2.124
26/07/2005;2.125
27/07/2005;2.126
28/07/2005;2.124
29/07/2005;2.125
01/08/2005;2.126
02/08/2005;2.127
03/08/2005;2.131
04/08/2005;2.131
05/08/2005;2.132
08/08/2005;2.133
09/08/2005;2.134
10/08/2005;2.134
11/08/2005;2.134
12/08/2005;2.134
15/08/2005;2.135
16/08/2005;2.135
17/08/2005;2.134
18/08/2005;2.132
19/08/2005;2.132
22/08/2005;2.132
23/08/2005;2.133
24/08/2005;2.132
25/08/2005;2.133
26/08/2005;2.132
29/08/2005;2.133
30/08/2005;2.134
31/08/2005;2.134
01/09/2005;2.133
02/09/2005;2.13
05/09/2005;2.131
06/09/2005;2.132
07/09/2005;2.134
08/09/2005;2.134
09/09/2005;2.134
12/09/2005;2.134
13/09/2005;2.136
14/09/2005;2.135
15/09/2005;2.136
16/09/2005;2.136
19/09/2005;2.136
20/09/2005;2.136
21/09/2005;2.136
22/09/2005;2.135
23/09/2005;2.136
26/09/2005;2.141
27/09/2005;2.144
28/09/2005;2.146
29/09/2005;2.17
30/09/2005;2.176
03/10/2005;2.178
04/10/2005;2.181
05/10/2005;2.183
06/10/2005;2.183
07/10/2005;2.192
10/10/2005;2.191
11/10/2005;2.192
12/10/2005;2.186
13/10/2005;2.185
14/10/2005;2.185
17/10/2005;2.187
18/10/2005;2.188
19/10/2005;2.188
20/10/2005;2.187
21/10/2005;2.186
24/10/2005;2.185
25/10/2005;2.186
26/10/2005;2.209
27/10/2005;2.24
28/10/2005;2.254
31/10/2005;2.263
01/11/2005;2.264
02/11/2005;2.264
03/11/2005;2.273
04/11/2005;2.265
07/11/2005;2.274
08/11/2005;2.297
09/11/2005;2.305
10/11/2005;2.324
11/11/2005;2.321
14/11/2005;2.323
15/11/2005;2.35
16/11/2005;2.35
17/11/2005;2.35
18/11/2005;2.353
21/11/2005;2.439
22/11/2005;2.437
23/11/2005;2.443
24/11/2005;2.45
25/11/2005;2.45
28/11/2005;2.461
29/11/2005;2.473
30/11/2005;2.473
01/12/2005;2.474
02/12/2005;2.452
05/12/2005;2.452
06/12/2005;2.453
07/12/2005;2.452
08/12/2005;2.452
09/12/2005;2.454
12/12/2005;2.454
13/12/2005;2.456
14/12/2005;2.463
15/12/2005;2.475
16/12/2005;2.481
19/12/2005;2.486
20/12/2005;2.489
21/12/2005;2.49
22/12/2005;2.494
23/12/2005;2.495
27/12/2005;2.491
28/12/2005;2.492
29/12/2005;2.487
30/12/2005;2.488
02/01/2006;2.488
03/01/2006;2.489
04/01/2006;2.489
05/01/2006;2.49
06/01/2006;2.491
09/01/2006;2.492
10/01/2006;2.495
11/01/2006;2.502
12/01/2006;2.514
13/01/2006;2.507
16/01/2006;2.508
17/01/2006;2.508
18/01/2006;2.505
19/01/2006;2.516
20/01/2006;2.52
23/01/2006;2.524
24/01/2006;2.527
25/01/2006;2.533
26/01/2006;2.534
27/01/2006;2.536
30/01/2006;2.542
31/01/2006;2.547
01/02/2006;2.554
02/02/2006;2.563
03/02/2006;2.57
06/02/2006;2.57
07/02/2006;2.569
08/02/2006;2.575
09/02/2006;2.585
10/02/2006;2.592
13/02/2006;2.594
14/02/2006;2.596
15/02/2006;2.597
16/02/2006;2.604
17/02/2006;2.608
20/02/2006;2.609
21/02/2006;2.612
22/02/2006;2.616
23/02/2006;2.628
24/02/2006;2.644
27/02/2006;2.657
28/02/2006;2.664
01/03/2006;2.666
02/03/2006;2.674
03/03/2006;2.684
06/03/2006;2.688
07/03/2006;2.692
08/03/2006;2.694
09/03/2006;2.695
10/03/2006;2.698
13/03/2006;2.701
14/03/2006;2.704
15/03/2006;2.703
16/03/2006;2.704
17/03/2006;2.705
20/03/2006;2.723
21/03/2006;2.728
22/03/2006;2.737
23/03/2006;2.739
24/03/2006;2.741
27/03/2006;2.745
28/03/2006;2.772
29/03/2006;2.797
30/03/2006;2.814
31/03/2006;2.816
03/04/2006;2.818
04/04/2006;2.822
05/04/2006;2.824
06/04/2006;2.831
07/04/2006;2.764
10/04/2006;2.763
11/04/2006;2.762
12/04/2006;2.764
13/04/2006;2.765
18/04/2006;2.769
19/04/2006;2.77
20/04/2006;2.776
21/04/2006;2.779
24/04/2006;2.783
25/04/2006;2.79
26/04/2006;2.824
27/04/2006;2.832
28/04/2006;2.852
02/05/2006;2.86
03/05/2006;2.865
04/05/2006;2.855
05/05/2006;2.859
08/05/2006;2.866
09/05/2006;2.872
10/05/2006;2.877
11/05/2006;2.879
12/05/2006;2.885
15/05/2006;2.884
16/05/2006;2.883
17/05/2006;2.884
18/05/2006;2.893
19/05/2006;2.896
22/05/2006;2.901
23/05/2006;2.904
24/05/2006;2.905
25/05/2006;2.91
26/05/2006;2.913
29/05/2006;2.919
30/05/2006;2.922
31/05/2006;2.926
01/06/2006;2.944
02/06/2006;2.95
05/06/2006;2.957
06/06/2006;2.969
07/06/2006;2.974
08/06/2006;2.99
09/06/2006;2.953
12/06/2006;2.953
13/06/2006;2.959
14/06/2006;2.961
15/06/2006;2.963
16/06/2006;2.966
19/06/2006;2.973
20/06/2006;2.976
21/06/2006;2.985
22/06/2006;2.993
23/06/2006;2.997
26/06/2006;3.001
27/06/2006;3.041
28/06/2006;3.061
29/06/2006;3.063
30/06/2006;3.056
03/07/2006;3.055
04/07/2006;3.055
05/07/2006;3.06
06/07/2006;3.062
07/07/2006;3.075
10/07/2006;3.079
11/07/2006;3.079
12/07/2006;3.083
13/07/2006;3.09
14/07/2006;3.092
17/07/2006;3.1
18/07/2006;3.104
19/07/2006;3.114
20/07/2006;3.117
21/07/2006;3.124
24/07/2006;3.126
25/07/2006;3.134
26/07/2006;3.141
27/07/2006;3.146
28/07/2006;3.149
31/07/2006;3.161
01/08/2006;3.17
02/08/2006;3.178
03/08/2006;3.185
04/08/2006;3.201
07/08/2006;3.204
08/08/2006;3.207
09/08/2006;3.21
10/08/2006;3.215
11/08/2006;3.217
14/08/2006;3.219
15/08/2006;3.22
16/08/2006;3.227
17/08/2006;3.234
18/08/2006;3.236
21/08/2006;3.244
22/08/2006;3.249
23/08/2006;3.253
24/08/2006;3.254
25/08/2006;3.255
28/08/2006;3.254
29/08/2006;3.257
30/08/2006;3.256
31/08/2006;3.264
01/09/2006;3.267
04/09/2006;3.271
05/09/2006;3.275
06/09/2006;3.289
07/09/2006;3.294
08/09/2006;3.301
11/09/2006;3.305
12/09/2006;3.315
13/09/2006;3.321
14/09/2006;3.333
15/09/2006;3.335
18/09/2006;3.34
19/09/2006;3.349
20/09/2006;3.352
21/09/2006;3.372
22/09/2006;3.376
25/09/2006;3.374
26/09/2006;3.368
27/09/2006;3.376
28/09/2006;3.413
29/09/2006;3.417
02/10/2006;3.424
03/10/2006;3.435
04/10/2006;3.453
05/10/2006;3.464
06/10/2006;3.464
09/10/2006;3.47
10/10/2006;3.479
11/10/2006;3.487
12/10/2006;3.494
13/10/2006;3.499
16/10/2006;3.502
17/10/2006;3.503
18/10/2006;3.511
19/10/2006;3.519
20/10/2006;3.521
23/10/2006;3.526
24/10/2006;3.528
25/10/2006;3.538
26/10/2006;3.548
27/10/2006;3.554
30/10/2006;3.561
31/10/2006;3.564
01/11/2006;3.563
02/11/2006;3.566
03/11/2006;3.566
06/11/2006;3.569
07/11/2006;3.575
08/11/2006;3.577
09/11/2006;3.584
10/11/2006;3.585
13/11/2006;3.587
14/11/2006;3.593
15/11/2006;3.595
16/11/2006;3.598
17/11/2006;3.604
20/11/2006;3.603
21/11/2006;3.604
22/11/2006;3.613
23/11/2006;3.618
24/11/2006;3.624
27/11/2006;3.625
28/11/2006;3.626
29/11/2006;3.627
30/11/2006;3.636
01/12/2006;3.638
04/12/2006;3.639
05/12/2006;3.643
06/12/2006;3.653
07/12/2006;3.662
08/12/2006;3.669
11/12/2006;3.673
12/12/2006;3.674
13/12/2006;3.674
14/12/2006;3.679
15/12/2006;3.686
18/12/2006;3.699
19/12/2006;3.704
20/12/2006;3.707
21/12/2006;3.714
22/12/2006;3.716
27/12/2006;3.722
28/12/2006;3.723
29/12/2006;3.725
02/01/2007;3.725
03/01/2007;3.726
04/01/2007;3.734
05/01/2007;3.735
08/01/2007;3.738
09/01/2007;3.742
10/01/2007;3.745
11/01/2007;3.757
12/01/2007;3.745
15/01/2007;3.746
16/01/2007;3.746
17/01/2007;3.747
18/01/2007;3.754
19/01/2007;3.754
22/01/2007;3.755
23/01/2007;3.757
24/01/2007;3.756
25/01/2007;3.769
26/01/2007;3.772
29/01/2007;3.775
30/01/2007;3.781
31/01/2007;3.782
01/02/2007;3.785
02/02/2007;3.788
05/02/2007;3.78
06/02/2007;3.784
07/02/2007;3.786
08/02/2007;3.803
09/02/2007;3.806
12/02/2007;3.809
13/02/2007;3.814
14/02/2007;3.815
15/02/2007;3.825
16/02/2007;3.826
19/02/2007;3.831
20/02/2007;3.833
21/02/2007;3.835
22/02/2007;3.843
23/02/2007;3.846
26/02/2007;3.853
27/02/2007;3.854
28/02/2007;3.848
01/03/2007;3.856
02/03/2007;3.859
05/03/2007;3.86
06/03/2007;3.866
07/03/2007;3.868
08/03/2007;3.878
09/03/2007;3.885
12/03/2007;3.889
13/03/2007;3.889
14/03/2007;3.893
15/03/2007;3.896
16/03/2007;3.896
19/03/2007;3.892
20/03/2007;3.895
21/03/2007;3.897
22/03/2007;3.902
23/03/2007;3.904
26/03/2007;3.906
27/03/2007;3.909
28/03/2007;3.914
29/03/2007;3.922
30/03/2007;3.924
02/04/2007;3.927
03/04/2007;3.936
04/04/2007;3.944
05/04/2007;3.946
10/04/2007;3.955
11/04/2007;3.958
12/04/2007;3.968
13/04/2007;3.97
16/04/2007;3.975
17/04/2007;3.978
18/04/2007;3.979
19/04/2007;3.985
20/04/2007;3.988
23/04/2007;3.992
24/04/2007;3.995
25/04/2007;3.999
26/04/2007;4.005
27/04/2007;4.013
30/04/2007;4.017
02/05/2007;4.023
03/05/2007;4.034
04/05/2007;4.036
07/05/2007;4.038
08/05/2007;4.043
09/05/2007;4.046
10/05/2007;4.055
11/05/2007;4.061
14/05/2007;4.063
15/05/2007;4.066
16/05/2007;4.067
17/05/2007;4.073
18/05/2007;4.077
21/05/2007;4.078
22/05/2007;4.08
23/05/2007;4.086
24/05/2007;4.095
25/05/2007;4.098
28/05/2007;4.107
29/05/2007;4.109
30/05/2007;4.113
31/05/2007;4.122
01/06/2007;4.124
04/06/2007;4.125
05/06/2007;4.126
06/06/2007;4.126
07/06/2007;4.135
08/06/2007;4.138
11/06/2007;4.14
12/06/2007;4.142
13/06/2007;4.145
14/06/2007;4.147
15/06/2007;4.148
18/06/2007;4.148
19/06/2007;4.153
20/06/2007;4.155
21/06/2007;4.159
22/06/2007;4.16
25/06/2007;4.159
26/06/2007;4.162
27/06/2007;4.164
28/06/2007;4.172
29/06/2007;4.175
02/07/2007;4.176
03/07/2007;4.182
04/07/2007;4.183
05/07/2007;4.19
06/07/2007;4.196
09/07/2007;4.197
10/07/2007;4.197
11/07/2007;4.201
12/07/2007;4.209
13/07/2007;4.214
16/07/2007;4.215
17/07/2007;4.215
18/07/2007;4.221
19/07/2007;4.226
20/07/2007;4.228
23/07/2007;4.229
24/07/2007;4.235
25/07/2007;4.239
26/07/2007;4.245
27/07/2007;4.246
30/07/2007;4.252
31/07/2007;4.26
01/08/2007;4.264
02/08/2007;4.281
03/08/2007;4.296
06/08/2007;4.309
07/08/2007;4.328
08/08/2007;4.352
09/08/2007;4.399
10/08/2007;4.451
13/08/2007;4.506
14/08/2007;4.519
15/08/2007;4.525
16/08/2007;4.574
17/08/2007;4.645
20/08/2007;4.656
21/08/2007;4.664
22/08/2007;4.676
23/08/2007;4.711
24/08/2007;4.721
27/08/2007;4.728
28/08/2007;4.717
29/08/2007;4.722
30/08/2007;4.724
31/08/2007;4.735
03/09/2007;4.741
04/09/2007;4.745
05/09/2007;4.755
06/09/2007;4.755
07/09/2007;4.752
10/09/2007;4.748
11/09/2007;4.75
12/09/2007;4.75
13/09/2007;4.73
14/09/2007;4.724
17/09/2007;4.729
18/09/2007;4.731
19/09/2007;4.723
20/09/2007;4.726
21/09/2007;4.723
24/09/2007;4.723
25/09/2007;4.725
26/09/2007;4.726
27/09/2007;4.786
28/09/2007;4.792
01/10/2007;4.791
02/10/2007;4.795
03/10/2007;4.79
04/10/2007;4.785
05/10/2007;4.775
08/10/2007;4.767
09/10/2007;4.754
10/10/2007;4.749
11/10/2007;4.732
12/10/2007;4.691
15/10/2007;4.659
16/10/2007;4.655
17/10/2007;4.655
18/10/2007;4.653
19/10/2007;4.637
22/10/2007;4.632
23/10/2007;4.63
24/10/2007;4.626
25/10/2007;4.613
26/10/2007;4.605
29/10/2007;4.606
30/10/2007;4.607
31/10/2007;4.603
01/11/2007;4.598
02/11/2007;4.591
05/11/2007;4.59
06/11/2007;4.589
07/11/2007;4.589
08/11/2007;4.579
09/11/2007;4.579
12/11/2007;4.574
13/11/2007;4.575
14/11/2007;4.576
15/11/2007;4.58
16/11/2007;4.584
19/11/2007;4.619
20/11/2007;4.636
21/11/2007;4.654
22/11/2007;4.677
23/11/2007;4.697
26/11/2007;4.713
27/11/2007;4.719
28/11/2007;4.743
29/11/2007;4.776
30/11/2007;4.81
03/12/2007;4.839
04/12/2007;4.858
05/12/2007;4.871
06/12/2007;4.884
07/12/2007;4.891
10/12/2007;4.902
11/12/2007;4.927
12/12/2007;4.953
13/12/2007;4.948
14/12/2007;4.941
17/12/2007;4.949
18/12/2007;4.876
19/12/2007;4.812
20/12/2007;4.79
21/12/2007;4.774
24/12/2007;4.765
27/12/2007;4.765
28/12/2007;4.69
31/12/2007;4.684
02/01/2008;4.665
03/01/2008;4.644
04/01/2008;4.63
07/01/2008;4.616
08/01/2008;4.598
09/01/2008;4.597
10/01/2008;4.591
11/01/2008;4.576
14/01/2008;4.558
15/01/2008;4.541
16/01/2008;4.509
17/01/2008;4.446
18/01/2008;4.411
21/01/2008;4.393
22/01/2008;4.33
23/01/2008;4.288
24/01/2008;4.302
25/01/2008;4.383
28/01/2008;4.378
29/01/2008;4.383
30/01/2008;4.381
31/01/2008;4.374
01/02/2008;4.367
04/02/2008;4.368
05/02/2008;4.372
06/02/2008;4.359
07/02/2008;4.353
08/02/2008;4.331
11/02/2008;4.334
12/02/2008;4.334
13/02/2008;4.34
14/02/2008;4.342
15/02/2008;4.355
18/02/2008;4.358
19/02/2008;4.36
20/02/2008;4.366
21/02/2008;4.373
22/02/2008;4.374
25/02/2008;4.379
26/02/2008;4.382
27/02/2008;4.386
28/02/2008;4.387
29/02/2008;4.384
03/03/2008;4.383
04/03/2008;4.391
05/03/2008;4.401
06/03/2008;4.429
07/03/2008;4.497
10/03/2008;4.558
11/03/2008;4.597
12/03/2008;4.605
13/03/2008;4.606
14/03/2008;4.617
17/03/2008;4.652
18/03/2008;4.654
19/03/2008;4.664
20/03/2008;4.674
25/03/2008;4.699
26/03/2008;4.718
27/03/2008;4.728
28/03/2008;4.731
31/03/2008;4.727
01/04/2008;4.731
02/04/2008;4.736
03/04/2008;4.741
04/04/2008;4.741
07/04/2008;4.742
08/04/2008;4.742
09/04/2008;4.744
10/04/2008;4.744
11/04/2008;4.747
14/04/2008;4.753
15/04/2008;4.764
16/04/2008;4.774
17/04/2008;4.784
18/04/2008;4.794
21/04/2008;4.805
22/04/2008;4.82
23/04/2008;4.829
24/04/2008;4.837
25/04/2008;4.847
28/04/2008;4.848
29/04/2008;4.857
30/04/2008;4.857
02/05/2008;4.855
05/05/2008;4.857
06/05/2008;4.857
07/05/2008;4.856
08/05/2008;4.855
09/05/2008;4.855
12/05/2008;4.857
13/05/2008;4.856
14/05/2008;4.859
15/05/2008;4.86
16/05/2008;4.859
19/05/2008;4.858
20/05/2008;4.856
21/05/2008;4.858
22/05/2008;4.855
23/05/2008;4.857
26/05/2008;4.857
27/05/2008;4.857
28/05/2008;4.857
29/05/2008;4.86
30/05/2008;4.864
02/06/2008;4.865
03/06/2008;4.864
04/06/2008;4.864
05/06/2008;4.866
06/06/2008;4.967
09/06/2008;4.961
10/06/2008;4.96
11/06/2008;4.959
12/06/2008;4.958
13/06/2008;4.961
16/06/2008;4.96
17/06/2008;4.961
18/06/2008;4.962
19/06/2008;4.961
20/06/2008;4.959
23/06/2008;4.958
24/06/2008;4.958
25/06/2008;4.958
26/06/2008;4.955
27/06/2008;4.947
30/06/2008;4.947
01/07/2008;4.955
02/07/2008;4.956
03/07/2008;4.966
04/07/2008;4.959
07/07/2008;4.96
08/07/2008;4.962
09/07/2008;4.962
10/07/2008;4.963
11/07/2008;4.963
14/07/2008;4.962
15/07/2008;4.961
16/07/2008;4.957
17/07/2008;4.958
18/07/2008;4.957
21/07/2008;4.96
22/07/2008;4.961
23/07/2008;4.963
24/07/2008;4.962
25/07/2008;4.962
28/07/2008;4.962
29/07/2008;4.961
30/07/2008;4.963
31/07/2008;4.968
01/08/2008;4.968
04/08/2008;4.97
05/08/2008;4.968
06/08/2008;4.967
07/08/2008;4.968
08/08/2008;4.966
11/08/2008;4.965
12/08/2008;4.966
13/08/2008;4.965
14/08/2008;4.964
15/08/2008;4.966
18/08/2008;4.963
19/08/2008;4.963
20/08/2008;4.964
21/08/2008;4.963
22/08/2008;4.964
25/08/2008;4.965
26/08/2008;4.965
27/08/2008;4.964
28/08/2008;4.962
29/08/2008;4.963
01/09/2008;4.961
02/09/2008;4.961
03/09/2008;4.96
04/09/2008;4.961
05/09/2008;4.96
08/09/2008;4.959
09/09/2008;4.958
10/09/2008;4.959
11/09/2008;4.958
12/09/2008;4.958
15/09/2008;4.964
16/09/2008;4.969
17/09/2008;4.973
18/09/2008;4.991
19/09/2008;5.005
22/09/2008;5.029
23/09/2008;5.055
24/09/2008;5.066
25/09/2008;5.119
26/09/2008;5.142
29/09/2008;5.237
30/09/2008;5.277
01/10/2008;5.291
02/10/2008;5.33
03/10/2008;5.339
06/10/2008;5.345
07/10/2008;5.377
08/10/2008;5.393
09/10/2008;5.393
10/10/2008;5.381
13/10/2008;5.318
14/10/2008;5.235
15/10/2008;5.168
16/10/2008;5.09
17/10/2008;5.045
20/10/2008;5
21/10/2008;4.968
22/10/2008;4.936
23/10/2008;4.921
24/10/2008;4.918
27/10/2008;4.912
28/10/2008;4.86
29/10/2008;4.827
30/10/2008;4.794
31/10/2008;4.76
03/11/2008;4.733
04/11/2008;4.7
05/11/2008;4.663
06/11/2008;4.592
07/11/2008;4.474
10/11/2008;4.406
11/11/2008;4.343
12/11/2008;4.286
13/11/2008;4.245
14/11/2008;4.223
17/11/2008;4.191
18/11/2008;4.153
19/11/2008;4.12
20/11/2008;4.076
21/11/2008;4.021
24/11/2008;3.97
25/11/2008;3.937
26/11/2008;3.901
27/11/2008;3.879
28/11/2008;3.853
01/12/2008;3.816
02/12/2008;3.786
03/12/2008;3.743
04/12/2008;3.669
05/12/2008;3.563
08/12/2008;3.488
09/12/2008;3.428
10/12/2008;3.376
11/12/2008;3.329
12/12/2008;3.282
15/12/2008;3.243
16/12/2008;3.204
17/12/2008;3.155
18/12/2008;3.125
19/12/2008;3.082
22/12/2008;3.053
23/12/2008;3.019
29/12/2008;2.973
30/12/2008;2.928
31/12/2008;2.892
02/01/2009;2.859
06/01/2009;2.797
07/01/2009;2.762
08/01/2009;2.729
09/01/2009;2.692
12/01/2009;2.653
13/01/2009;2.612
14/01/2009;2.572
15/01/2009;2.51
16/01/2009;2.453
19/01/2009;2.41
20/01/2009;2.37
21/01/2009;2.312
22/01/2009;2.254
23/01/2009;2.199
26/01/2009;2.149
27/01/2009;2.13
28/01/2009;2.115
29/01/2009;2.101
30/01/2009;2.086
02/02/2009;2.077
03/02/2009;2.064
04/02/2009;2.053
05/02/2009;2.039
06/02/2009;2.022
09/02/2009;2.005
10/02/2009;1.989
11/02/2009;1.975
12/02/2009;1.959
13/02/2009;1.943
16/02/2009;1.927
17/02/2009;1.912
18/02/2009;1.9
19/02/2009;1.888
20/02/2009;1.875
23/02/2009;1.867
24/02/2009;1.858
25/02/2009;1.848
26/02/2009;1.835
27/02/2009;1.825
02/03/2009;1.811
03/03/2009;1.799
04/03/2009;1.778
05/03/2009;1.757
06/03/2009;1.726
09/03/2009;1.703
10/03/2009;1.687
11/03/2009;1.663
12/03/2009;1.65
13/03/2009;1.64
16/03/2009;1.629
17/03/2009;1.614
18/03/2009;1.602
19/03/2009;1.584
20/03/2009;1.574
23/03/2009;1.56
24/03/2009;1.556
25/03/2009;1.548
26/03/2009;1.538
27/03/2009;1.531
30/03/2009;1.52
31/03/2009;1.51
01/04/2009;1.498
02/04/2009;1.483
03/04/2009;1.479
06/04/2009;1.466
07/04/2009;1.453
08/04/2009;1.445
09/04/2009;1.435
14/04/2009;1.423
15/04/2009;1.415
16/04/2009;1.41
17/04/2009;1.405
20/04/2009;1.405
21/04/2009;1.405
22/04/2009;1.405
23/04/2009;1.406
24/04/2009;1.4
27/04/2009;1.392
28/04/2009;1.384
29/04/2009;1.372
30/04/2009;1.365
04/05/2009;1.354
05/05/2009;1.344
06/05/2009;1.334
07/05/2009;1.327
08/05/2009;1.313
11/05/2009;1.299
12/05/2009;1.291
13/05/2009;1.281
14/05/2009;1.266
15/05/2009;1.25
18/05/2009;1.244
19/05/2009;1.237
20/05/2009;1.244
21/05/2009;1.252
22/05/2009;1.259
25/05/2009;1.264
26/05/2009;1.266
27/05/2009;1.27
28/05/2009;1.27
29/05/2009;1.269
01/06/2009;1.266
02/06/2009;1.262
03/06/2009;1.26
04/06/2009;1.26
05/06/2009;1.268
08/06/2009;1.281
09/06/2009;1.286
10/06/2009;1.283
11/06/2009;1.277
12/06/2009;1.268
15/06/2009;1.26
16/06/2009;1.252
17/06/2009;1.244
18/06/2009;1.235
19/06/2009;1.224
22/06/2009;1.215
23/06/2009;1.206
24/06/2009;1.195
25/06/2009;1.145
26/06/2009;1.12
29/06/2009;1.108
30/06/2009;1.099
01/07/2009;1.085
02/07/2009;1.072
03/07/2009;1.059
06/07/2009;1.048
07/07/2009;1.044
08/07/2009;1.029
09/07/2009;1.018
10/07/2009;1.007
13/07/2009;0.996
14/07/2009;0.985
15/07/2009;0.979
16/07/2009;0.969
17/07/2009;0.954
20/07/2009;0.944
21/07/2009;0.937
22/07/2009;0.933
23/07/2009;0.927
24/07/2009;0.921
27/07/2009;0.914
28/07/2009;0.908
29/07/2009;0.903
30/07/2009;0.899
31/07/2009;0.893
03/08/2009;0.886
04/08/2009;0.884
05/08/2009;0.884
06/08/2009;0.883
07/08/2009;0.881
10/08/2009;0.884
11/08/2009;0.883
12/08/2009;0.879
13/08/2009;0.873
14/08/2009;0.869
17/08/2009;0.861
18/08/2009;0.859
19/08/2009;0.854
20/08/2009;0.851
21/08/2009;0.849
24/08/2009;0.843
25/08/2009;0.838
26/08/2009;0.834
27/08/2009;0.829
28/08/2009;0.825
31/08/2009;0.821
01/09/2009;0.819
02/09/2009;0.813
03/09/2009;0.809
04/09/2009;0.803
07/09/2009;0.797
08/09/2009;0.788
09/09/2009;0.781
10/09/2009;0.778
11/09/2009;0.773
14/09/2009;0.771
15/09/2009;0.77
16/09/2009;0.768
17/09/2009;0.766
18/09/2009;0.762
21/09/2009;0.758
22/09/2009;0.755
23/09/2009;0.749
24/09/2009;0.743
25/09/2009;0.741
28/09/2009;0.739
29/09/2009;0.75
30/09/2009;0.753
01/10/2009;0.754
02/10/2009;0.752
05/10/2009;0.746
06/10/2009;0.744
07/10/2009;0.74
08/10/2009;0.741
09/10/2009;0.743
12/10/2009;0.743
13/10/2009;0.742
14/10/2009;0.742
15/10/2009;0.74
16/10/2009;0.739
19/10/2009;0.739
20/10/2009;0.737
21/10/2009;0.735
22/10/2009;0.733
23/10/2009;0.73
26/10/2009;0.731
27/10/2009;0.728
28/10/2009;0.724
29/10/2009;0.722
30/10/2009;0.72
02/11/2009;0.722
03/11/2009;0.72
04/11/2009;0.719
05/11/2009;0.716
06/11/2009;0.716
09/11/2009;0.715
10/11/2009;0.715
11/11/2009;0.715
12/11/2009;0.714
13/11/2009;0.714
16/11/2009;0.714
17/11/2009;0.715
18/11/2009;0.715
19/11/2009;0.715
20/11/2009;0.714
24/11/2009;0.716
25/11/2009;0.716
26/11/2009;0.717
27/11/2009;0.718
30/11/2009;0.719
01/12/2009;0.72
02/12/2009;0.721
03/12/2009;0.72
04/12/2009;0.718
07/12/2009;0.717
08/12/2009;0.716
09/12/2009;0.715
10/12/2009;0.714
11/12/2009;0.714
14/12/2009;0.715
15/12/2009;0.715
16/12/2009;0.715
17/12/2009;0.712
18/12/2009;0.71
21/12/2009;0.709
22/12/2009;0.708
23/12/2009;0.706
24/12/2009;0.707
28/12/2009;0.706
29/12/2009;0.707
30/12/2009;0.7
31/12/2009;0.7
04/01/2010;0.7
05/01/2010;0.699
06/01/2010;0.694
07/01/2010;0.692
08/01/2010;0.691
11/01/2010;0.689
12/01/2010;0.685
13/01/2010;0.684
14/01/2010;0.682
15/01/2010;0.68
18/01/2010;0.677
19/01/2010;0.675
20/01/2010;0.674
21/01/2010;0.672
22/01/2010;0.67
25/01/2010;0.669
26/01/2010;0.667
27/01/2010;0.665
28/01/2010;0.665
29/01/2010;0.665
01/02/2010;0.665
02/02/2010;0.665
03/02/2010;0.665
04/02/2010;0.665
05/02/2010;0.663
08/02/2010;0.661
09/02/2010;0.661
10/02/2010;0.662
11/02/2010;0.662
12/02/2010;0.663
15/02/2010;0.661
16/02/2010;0.663
17/02/2010;0.662
18/02/2010;0.66
19/02/2010;0.661
22/02/2010;0.661
23/02/2010;0.661
24/02/2010;0.659
25/02/2010;0.658
26/02/2010;0.656
01/03/2010;0.655
02/03/2010;0.655
03/03/2010;0.655
04/03/2010;0.654
05/03/2010;0.653
08/03/2010;0.652
09/03/2010;0.652
10/03/2010;0.651
11/03/2010;0.65
12/03/2010;0.649
15/03/2010;0.646
16/03/2010;0.646
17/03/2010;0.644
18/03/2010;0.643
19/03/2010;0.642
22/03/2010;0.639
23/03/2010;0.637
24/03/2010;0.636
25/03/2010;0.635
26/03/2010;0.636
29/03/2010;0.635
30/03/2010;0.635
31/03/2010;0.634
01/04/2010;0.635
06/04/2010;0.638
07/04/2010;0.639
08/04/2010;0.64
09/04/2010;0.641
12/04/2010;0.642
13/04/2010;0.644
14/04/2010;0.644
15/04/2010;0.644
16/04/2010;0.644
19/04/2010;0.643
20/04/2010;0.642
21/04/2010;0.642
22/04/2010;0.644
23/04/2010;0.645
26/04/2010;0.645
27/04/2010;0.646
28/04/2010;0.654
29/04/2010;0.659
30/04/2010;0.663
03/05/2010;0.665
04/05/2010;0.668
05/05/2010;0.672
06/05/2010;0.677
10/05/2010;0.682
12/05/2010;0.682
13/05/2010;0.683
14/05/2010;0.684
17/05/2010;0.685
18/05/2010;0.688
19/05/2010;0.69
20/05/2010;0.692
21/05/2010;0.695
24/05/2010;0.697
25/05/2010;0.697
26/05/2010;0.697
27/05/2010;0.699
28/05/2010;0.699
31/05/2010;0.701
01/06/2010;0.702
02/06/2010;0.704
03/06/2010;0.706
04/06/2010;0.707
07/06/2010;0.711
08/06/2010;0.713
09/06/2010;0.715
10/06/2010;0.718
11/06/2010;0.719
14/06/2010;0.72
15/06/2010;0.723
16/06/2010;0.727
17/06/2010;0.729
18/06/2010;0.732
21/06/2010;0.733
22/06/2010;0.737
23/06/2010;0.739
24/06/2010;0.742
25/06/2010;0.748
28/06/2010;0.754
29/06/2010;0.761
30/06/2010;0.767
01/07/2010;0.782
02/07/2010;0.79
05/07/2010;0.793
06/07/2010;0.797
07/07/2010;0.802
08/07/2010;0.81
09/07/2010;0.822
12/07/2010;0.827
13/07/2010;0.835
14/07/2010;0.84
15/07/2010;0.846
16/07/2010;0.861
19/07/2010;0.87
20/07/2010;0.876
21/07/2010;0.881
22/07/2010;0.884
23/07/2010;0.885
26/07/2010;0.889
27/07/2010;0.893
28/07/2010;0.896
29/07/2010;0.899
30/07/2010;0.896
02/08/2010;0.898
03/08/2010;0.899
04/08/2010;0.9
05/08/2010;0.904
06/08/2010;0.905
09/08/2010;0.904
10/08/2010;0.904
11/08/2010;0.903
12/08/2010;0.899
13/08/2010;0.898
16/08/2010;0.896
17/08/2010;0.895
18/08/2010;0.894
19/08/2010;0.891
20/08/2010;0.89
23/08/2010;0.891
24/08/2010;0.889
25/08/2010;0.89
26/08/2010;0.889
27/08/2010;0.888
30/08/2010;0.888
31/08/2010;0.886
01/09/2010;0.886
02/09/2010;0.884
03/09/2010;0.883
06/09/2010;0.882
07/09/2010;0.881
08/09/2010;0.88
09/09/2010;0.879
10/09/2010;0.878
13/09/2010;0.879
14/09/2010;0.877
15/09/2010;0.876
16/09/2010;0.879
17/09/2010;0.879
20/09/2010;0.876
21/09/2010;0.879
22/09/2010;0.879
23/09/2010;0.878
24/09/2010;0.879
27/09/2010;0.879
28/09/2010;0.88
29/09/2010;0.886
30/09/2010;0.892
01/10/2010;0.942
04/10/2010;0.953
05/10/2010;0.956
06/10/2010;0.959
07/10/2010;0.965
08/10/2010;0.972
11/10/2010;0.977
12/10/2010;0.982
13/10/2010;0.985
14/10/2010;0.987
15/10/2010;0.993
18/10/2010;1
19/10/2010;1.008
20/10/2010;1.016
21/10/2010;1.025
22/10/2010;1.029
25/10/2010;1.032
26/10/2010;1.037
27/10/2010;1.043
28/10/2010;1.045
29/10/2010;1.045
01/11/2010;1.046
02/11/2010;1.047
03/11/2010;1.049
04/11/2010;1.05
05/11/2010;1.05
08/11/2010;1.05
09/11/2010;1.049
10/11/2010;1.048
11/11/2010;1.05
12/11/2010;1.049
15/11/2010;1.048
16/11/2010;1.046
17/11/2010;1.044
18/11/2010;1.041
19/11/2010;1.04
22/11/2010;1.039
23/11/2010;1.035
24/11/2010;1.03
25/11/2010;1.031
26/11/2010;1.028
29/11/2010;1.027
30/11/2010;1.028
01/12/2010;1.026
02/12/2010;1.027
03/12/2010;1.027
06/12/2010;1.028
07/12/2010;1.029
08/12/2010;1.029
09/12/2010;1.029
10/12/2010;1.028
13/12/2010;1.026
14/12/2010;1.026
15/12/2010;1.025
16/12/2010;1.024
17/12/2010;1.023
20/12/2010;1.022
21/12/2010;1.022
22/12/2010;1.021
23/12/2010;1.015
24/12/2010;1.014
27/12/2010;1.014
28/12/2010;1.014
29/12/2010;1.013
30/12/2010;1.01
31/12/2010;1.006
03/01/2011;1.001
04/01/2011;0.999
05/01/2011;0.998
06/01/2011;0.997
07/01/2011;0.997
10/01/2011;0.995
11/01/2011;0.995
12/01/2011;0.995
13/01/2011;0.998
14/01/2011;1.006
17/01/2011;1.009
18/01/2011;1.012
19/01/2011;1.014
20/01/2011;1.016
21/01/2011;1.025
24/01/2011;1.029
25/01/2011;1.031
26/01/2011;1.051
27/01/2011;1.057
28/01/2011;1.063
31/01/2011;1.074
01/02/2011;1.082
02/02/2011;1.083
03/02/2011;1.087
04/02/2011;1.088
07/02/2011;1.084
08/02/2011;1.079
09/02/2011;1.089
10/02/2011;1.094
11/02/2011;1.093
14/02/2011;1.091
15/02/2011;1.09
16/02/2011;1.089
17/02/2011;1.086
18/02/2011;1.078
21/02/2011;1.079
22/02/2011;1.082
23/02/2011;1.087
24/02/2011;1.088
25/02/2011;1.092
28/02/2011;1.094
01/03/2011;1.096
02/03/2011;1.095
03/03/2011;1.098
04/03/2011;1.162
07/03/2011;1.172
08/03/2011;1.18
09/03/2011;1.179
10/03/2011;1.175
11/03/2011;1.173
14/03/2011;1.174
15/03/2011;1.167
16/03/2011;1.17
17/03/2011;1.17
18/03/2011;1.172
21/03/2011;1.179
22/03/2011;1.185
23/03/2011;1.191
24/03/2011;1.197
25/03/2011;1.203
28/03/2011;1.21
29/03/2011;1.219
30/03/2011;1.231
31/03/2011;1.239
01/04/2011;1.249
04/04/2011;1.255
05/04/2011;1.262
06/04/2011;1.269
07/04/2011;1.28
08/04/2011;1.294
11/04/2011;1.311
12/04/2011;1.32
13/04/2011;1.327
14/04/2011;1.332
15/04/2011;1.332
18/04/2011;1.338
19/04/2011;1.343
20/04/2011;1.349
21/04/2011;1.356
26/04/2011;1.361
27/04/2011;1.365
28/04/2011;1.375
29/04/2011;1.385
02/05/2011;1.395
03/05/2011;1.402
04/05/2011;1.415
05/05/2011;1.424
06/05/2011;1.419
09/05/2011;1.423
10/05/2011;1.426
11/05/2011;1.42
12/05/2011;1.42
13/05/2011;1.425
16/05/2011;1.426
17/05/2011;1.428
18/05/2011;1.431
19/05/2011;1.434
20/05/2011;1.435
23/05/2011;1.434
24/05/2011;1.434
25/05/2011;1.435
26/05/2011;1.433
27/05/2011;1.43
30/05/2011;1.43
31/05/2011;1.433
01/06/2011;1.434
02/06/2011;1.435
03/06/2011;1.436
06/06/2011;1.438
07/06/2011;1.443
08/06/2011;1.452
09/06/2011;1.464
10/06/2011;1.469
13/06/2011;1.471
14/06/2011;1.477
15/06/2011;1.485
16/06/2011;1.494
17/06/2011;1.502
20/06/2011;1.51
21/06/2011;1.52
22/06/2011;1.526
23/06/2011;1.526
24/06/2011;1.528
27/06/2011;1.524
28/06/2011;1.531
29/06/2011;1.537
30/06/2011;1.547
01/07/2011;1.556
04/07/2011;1.563
05/07/2011;1.568
06/07/2011;1.569
07/07/2011;1.583
08/07/2011;1.593
11/07/2011;1.601
12/07/2011;1.599
13/07/2011;1.605
14/07/2011;1.606
15/07/2011;1.608
18/07/2011;1.608
19/07/2011;1.609
20/07/2011;1.604
21/07/2011;1.608
22/07/2011;1.611
25/07/2011;1.613
26/07/2011;1.615
27/07/2011;1.612
28/07/2011;1.61
29/07/2011;1.609
01/08/2011;1.609
02/08/2011;1.605
03/08/2011;1.601
04/08/2011;1.602
05/08/2011;1.564
08/08/2011;1.56
09/08/2011;1.555
10/08/2011;1.545
11/08/2011;1.535
12/08/2011;1.535
15/08/2011;1.538
16/08/2011;1.536
17/08/2011;1.535
18/08/2011;1.535
19/08/2011;1.533
22/08/2011;1.534
23/08/2011;1.536
24/08/2011;1.539
25/08/2011;1.539
26/08/2011;1.54
29/08/2011;1.54
30/08/2011;1.54
31/08/2011;1.542
01/09/2011;1.543
02/09/2011;1.541
05/09/2011;1.537
06/09/2011;1.534
07/09/2011;1.532
08/09/2011;1.532
09/09/2011;1.53
12/09/2011;1.527
13/09/2011;1.528
14/09/2011;1.529
15/09/2011;1.531
16/09/2011;1.535
19/09/2011;1.536
20/09/2011;1.537
21/09/2011;1.537
22/09/2011;1.536
23/09/2011;1.537
26/09/2011;1.535
27/09/2011;1.537
28/09/2011;1.544
29/09/2011;1.55
30/09/2011;1.554
03/10/2011;1.557
04/10/2011;1.557
05/10/2011;1.558
06/10/2011;1.556
07/10/2011;1.566
10/10/2011;1.567
11/10/2011;1.57
12/10/2011;1.571
13/10/2011;1.572
14/10/2011;1.574
17/10/2011;1.578
18/10/2011;1.579
19/10/2011;1.582
20/10/2011;1.584
21/10/2011;1.585
24/10/2011;1.588
25/10/2011;1.588
26/10/2011;1.588
27/10/2011;1.59
28/10/2011;1.592
31/10/2011;1.591
01/11/2011;1.585
02/11/2011;1.584
03/11/2011;1.58
04/11/2011;1.488
07/11/2011;1.476
08/11/2011;1.474
09/11/2011;1.47
10/11/2011;1.464
11/11/2011;1.462
14/11/2011;1.459
15/11/2011;1.457
16/11/2011;1.458
17/11/2011;1.46
18/11/2011;1.465
21/11/2011;1.467
22/11/2011;1.467
23/11/2011;1.471
24/11/2011;1.474
25/11/2011;1.475
28/11/2011;1.477
29/11/2011;1.477
30/11/2011;1.473
01/12/2011;1.469
02/12/2011;1.469
05/12/2011;1.47
06/12/2011;1.472
07/12/2011;1.472
08/12/2011;1.47
09/12/2011;1.437
12/12/2011;1.43
13/12/2011;1.426
14/12/2011;1.423
15/12/2011;1.419
16/12/2011;1.417
19/12/2011;1.418
20/12/2011;1.418
21/12/2011;1.416
22/12/2011;1.41
23/12/2011;1.404
27/12/2011;1.396
28/12/2011;1.387
29/12/2011;1.369
30/12/2011;1.356
02/01/2012;1.343
03/01/2012;1.333
04/01/2012;1.319
05/01/2012;1.303
06/01/2012;1.288
09/01/2012;1.276
10/01/2012;1.267
11/01/2012;1.257
12/01/2012;1.245
13/01/2012;1.231
16/01/2012;1.222
17/01/2012;1.213
18/01/2012;1.204
19/01/2012;1.195
20/01/2012;1.182
23/01/2012;1.168
24/01/2012;1.158
25/01/2012;1.149
26/01/2012;1.142
27/01/2012;1.138
30/01/2012;1.131
31/01/2012;1.125
01/02/2012;1.115
02/02/2012;1.108
03/02/2012;1.102
06/02/2012;1.094
07/02/2012;1.086
08/02/2012;1.077
09/02/2012;1.07
10/02/2012;1.063
13/02/2012;1.057
14/02/2012;1.051
15/02/2012;1.045
16/02/2012;1.041
17/02/2012;1.036
20/02/2012;1.031
21/02/2012;1.026
22/02/2012;1.021
23/02/2012;1.014
24/02/2012;1.006
27/02/2012;0.997
28/02/2012;0.991
29/02/2012;0.983
01/03/2012;0.967
02/03/2012;0.948
05/03/2012;0.934
06/03/2012;0.92
07/03/2012;0.911
08/03/2012;0.902
09/03/2012;0.894
12/03/2012;0.884
13/03/2012;0.876
14/03/2012;0.871
15/03/2012;0.862
16/03/2012;0.853
19/03/2012;0.842
20/03/2012;0.832
21/03/2012;0.824
22/03/2012;0.817
23/03/2012;0.808
26/03/2012;0.8
27/03/2012;0.794
28/03/2012;0.787
29/03/2012;0.783
30/03/2012;0.777
02/04/2012;0.771
03/04/2012;0.77
04/04/2012;0.768
05/04/2012;0.766
10/04/2012;0.764
11/04/2012;0.76
12/04/2012;0.757
13/04/2012;0.753
16/04/2012;0.75
17/04/2012;0.746
18/04/2012;0.741
19/04/2012;0.737
20/04/2012;0.734
23/04/2012;0.731
24/04/2012;0.727
25/04/2012;0.724
26/04/2012;0.72
27/04/2012;0.715
30/04/2012;0.708
02/05/2012;0.704
03/05/2012;0.7
04/05/2012;0.697
07/05/2012;0.693
08/05/2012;0.692
09/05/2012;0.691
10/05/2012;0.69
11/05/2012;0.69
14/05/2012;0.689
15/05/2012;0.687
16/05/2012;0.685
17/05/2012;0.686
18/05/2012;0.684
21/05/2012;0.682
22/05/2012;0.681
23/05/2012;0.68
24/05/2012;0.677
25/05/2012;0.675
28/05/2012;0.673
29/05/2012;0.673
30/05/2012;0.671
31/05/2012;0.668
01/06/2012;0.665
04/06/2012;0.664
05/06/2012;0.663
06/06/2012;0.663
07/06/2012;0.663
08/06/2012;0.663
11/06/2012;0.661
12/06/2012;0.661
13/06/2012;0.662
14/06/2012;0.663
15/06/2012;0.662
18/06/2012;0.659
19/06/2012;0.657
20/06/2012;0.657
21/06/2012;0.655
22/06/2012;0.654
25/06/2012;0.653
26/06/2012;0.653
27/06/2012;0.652
28/06/2012;0.653
29/06/2012;0.653
02/07/2012;0.652
03/07/2012;0.65
04/07/2012;0.645
05/07/2012;0.641
06/07/2012;0.549
09/07/2012;0.531
10/07/2012;0.521
11/07/2012;0.512
12/07/2012;0.497
13/07/2012;0.486
16/07/2012;0.477
17/07/2012;0.47
18/07/2012;0.464
19/07/2012;0.458
20/07/2012;0.451
23/07/2012;0.442
24/07/2012;0.435
25/07/2012;0.427
26/07/2012;0.422
27/07/2012;0.415
30/07/2012;0.401
31/07/2012;0.389
01/08/2012;0.381
02/08/2012;0.375
03/08/2012;0.375
06/08/2012;0.374
07/08/2012;0.37
08/08/2012;0.366
09/08/2012;0.36
10/08/2012;0.353
13/08/2012;0.349
14/08/2012;0.345
15/08/2012;0.341
16/08/2012;0.339
17/08/2012;0.334
20/08/2012;0.325
21/08/2012;0.318
22/08/2012;0.31
23/08/2012;0.303
24/08/2012;0.295
27/08/2012;0.293
28/08/2012;0.29
29/08/2012;0.288
30/08/2012;0.283
31/08/2012;0.278
03/09/2012;0.276
04/09/2012;0.273
05/09/2012;0.269
06/09/2012;0.266
07/09/2012;0.265
10/09/2012;0.261
11/09/2012;0.258
12/09/2012;0.255
13/09/2012;0.252
14/09/2012;0.25
17/09/2012;0.248
18/09/2012;0.244
19/09/2012;0.238
20/09/2012;0.233
21/09/2012;0.228
24/09/2012;0.225
25/09/2012;0.222
26/09/2012;0.222
27/09/2012;0.221
28/09/2012;0.22
01/10/2012;0.223
02/10/2012;0.22
03/10/2012;0.218
04/10/2012;0.216
05/10/2012;0.215
08/10/2012;0.214
09/10/2012;0.212
10/10/2012;0.211
11/10/2012;0.21
12/10/2012;0.21
15/10/2012;0.209
16/10/2012;0.208
17/10/2012;0.207
18/10/2012;0.205
19/10/2012;0.204
22/10/2012;0.204
23/10/2012;0.203
24/10/2012;0.202
25/10/2012;0.201
26/10/2012;0.199
29/10/2012;0.196
30/10/2012;0.198
31/10/2012;0.197
01/11/2012;0.197
02/11/2012;0.197
05/11/2012;0.196
06/11/2012;0.196
07/11/2012;0.196
08/11/2012;0.194
09/11/2012;0.193
12/11/2012;0.192
13/11/2012;0.192
14/11/2012;0.191
15/11/2012;0.191
16/11/2012;0.191
19/11/2012;0.191
20/11/2012;0.19
21/11/2012;0.19
22/11/2012;0.19
23/11/2012;0.19
26/11/2012;0.189
27/11/2012;0.189
28/11/2012;0.188
29/11/2012;0.19
30/11/2012;0.191
03/12/2012;0.19
04/12/2012;0.191
05/12/2012;0.19
06/12/2012;0.19
07/12/2012;0.187
